termination_time,task_id_termination,runtime,class_number,waiting_time,task_id_waiting,class_name,slo_value,availability,scenario
1551897471,bronze-179-6c161d91e788-5655d85cfb-rdwxn,3590.0,179,1551893879,bronze-179-6c161d91e788-5655d85cfb-rdwxn,bronze,50,99.94432071269487,experiment
1551897472,bronze-175-fda8c7f081a1-5b84c77788-8rwhd,3597.0,175,1551893873,bronze-175-fda8c7f081a1-5b84c77788-8rwhd,bronze,50,99.9444290080578,experiment
1551897472,gold-2-eb447693de2f-8df4886d9-xkxqq,3600.0,2,1551893870,gold-2-eb447693de2f-8df4886d9-xkxqq,gold,100,99.94447529150472,experiment
1551897473,bronze-184-da36390811ae-6bf4cc6476-b7ngp,3600.0,184,1551893871,bronze-184-da36390811ae-6bf4cc6476-b7ngp,bronze,50,99.94447529150472,experiment
1551897473,gold-23-fe5dd931b51b-6467cd45-gl2dh,3595.0,23,1551893876,gold-23-fe5dd931b51b-6467cd45-gl2dh,gold,100,99.94439810953573,experiment
1551897473,gold-77-f8789277d1df-685677ccd7-p9tjb,3588.0,77,1551893883,gold-77-f8789277d1df-685677ccd7-p9tjb,gold,100,99.94428969359332,experiment
1551897473,gold-30-dca2f48cf63b-75f6498479-hhjb5,3558.0,30,1551893913,gold-30-dca2f48cf63b-75f6498479-hhjb5,gold,100,99.9438202247191,experiment
1551897473,gold-28-71873530f1be-5499d6c577-vvfpm,3591.0,28,1551893880,gold-28-71873530f1be-5499d6c577-vvfpm,gold,100,99.94433620929584,experiment
1551897473,gold-50-3b1c4ef6919a-745f77db7f-w8tbf,3596.0,50,1551893875,gold-50-3b1c4ef6919a-745f77db7f-w8tbf,gold,100,99.9444135630906,experiment
1551897475,bronze-163-257dca03f785-bb7cbc676-r4lvn,3562.0,163,1551893911,bronze-163-257dca03f785-bb7cbc676-r4lvn,bronze,50,99.9438832772166,experiment
1551897475,bronze-230-57f8d85de34a-66c6bb7868-n2nxr,0.0,230,1551893907,bronze-230-57f8d85de34a-66c6bb7868-m4bzl,bronze,50,0.0,experiment
1551897476,bronze-245-f9768b226e1c-55876fcb76-xhvgl,3593.0,245,1551893881,bronze-245-f9768b226e1c-55876fcb76-xhvgl,bronze,50,99.94436717663422,experiment
1551897476,bronze-212-52e6e6cd64a8-77c4ffb5b8-fwtls,0.0,212,1551893884,bronze-212-52e6e6cd64a8-77c4ffb5b8-hzgsp,bronze,50,0.0,experiment
1551897476,silver-86-c01930840854-6d86d549d4-rwc6h,3584.0,86,1551893890,silver-86-c01930840854-6d86d549d4-rwc6h,silver,90,99.94422755158952,experiment
1551897476,gold-51-9f1fd7e31c6d-7dfb7cd599-rbtjk,3549.0,51,1551893925,gold-51-9f1fd7e31c6d-7dfb7cd599-rbtjk,gold,100,99.94367783722895,experiment
1551897477,bronze-170-1a04cfe5d600-66cc8d77bd-rtq4w,3589.0,170,1551893886,bronze-170-1a04cfe5d600-66cc8d77bd-rtq4w,bronze,50,99.9443052074631,experiment
1551897477,bronze-250-9dcb604ed640-f6cb47768-lwfqz,1.0,250,1551894036,bronze-250-9dcb604ed640-f6cb47768-h4cjr,bronze,50,0.029061319383900032,experiment
1551897477,gold-9-eaf4effc58d9-6684d7867c-qpbqj,3592.0,9,1551893882,gold-9-eaf4effc58d9-6684d7867c-qpbqj,gold,100,99.91655076495132,experiment
1551897478,gold-37-ed9a8b760aa5-5f49f8966c-88vpg,3585.0,37,1551893891,gold-37-ed9a8b760aa5-5f49f8966c-88vpg,gold,100,99.94424310008364,experiment
1551897478,silver-97-29b33b584c5a-695f9c8dd8-t6l6v,3602.0,97,1551893874,silver-97-29b33b584c5a-695f9c8dd8-t6l6v,silver,90,99.94450610432852,experiment
1551897479,gold-49-20df6b846628-67d649d7dc-pml44,3561.0,49,1551893916,gold-49-20df6b846628-67d649d7dc-pml44,gold,100,99.94386752736459,experiment
1551897479,gold-79-d2fa056419c7-86b566f969-qct9v,3605.0,79,1551893872,gold-79-d2fa056419c7-86b566f969-qct9v,gold,100,99.94455225949542,experiment
1551897479,bronze-190-570ed8a5106b-5475556c84-bzlbh,3577.0,190,1551893900,bronze-190-570ed8a5106b-5475556c84-bzlbh,bronze,50,99.94411846884604,experiment
1551897479,bronze-197-220eaa59d1c0-cd4f98bf6-d9vk8,0.0,197,1551893892,bronze-197-220eaa59d1c0-cd4f98bf6-bcknp,bronze,50,0.0,experiment
1551897480,bronze-202-6db485ff114e-86798c4864-2mznf,3376.0,202,1551893906,bronze-202-6db485ff114e-86798c4864-55vkl,bronze,50,94.4599888080582,experiment
1551897481,bronze-189-b9a8dae4cfdf-7f665fcf8d-4z87h,0.0,189,1551893878,bronze-189-b9a8dae4cfdf-7f665fcf8d-td2fd,bronze,50,0.0,experiment
1551897481,silver-105-ded0aad9d1e0-d44cd4dc8-gjnmm,3582.0,105,1551893897,silver-105-ded0aad9d1e0-d44cd4dc8-gjnmm,silver,90,99.94419642857143,experiment
1551897481,gold-40-efcbdc3ba3b3-56995f67cf-xfzfn,3594.0,40,1551893885,gold-40-efcbdc3ba3b3-56995f67cf-xfzfn,gold,100,99.94438264738599,experiment
1551897481,bronze-188-a8fc55994674-645d5556dd-zb2pl,3592.0,188,1551893887,bronze-188-a8fc55994674-645d5556dd-zb2pl,bronze,50,99.94435169727323,experiment
1551897481,gold-26-e73575dfa39c-59f947695c-89fv2,3602.0,26,1551893877,gold-26-e73575dfa39c-59f947695c-89fv2,gold,100,99.94450610432852,experiment
1551897482,bronze-214-e73df83c5c39-6c77f96856-8qhq7,8.0,214,1551893905,bronze-214-e73df83c5c39-6c77f96856-s7kt8,bronze,50,0.22365110427732737,experiment
1551897482,silver-103-fc270c871d9b-7b7cd64666-blkw9,3571.0,103,1551893909,silver-103-fc270c871d9b-7b7cd64666-blkw9,silver,90,99.94402462916317,experiment
1551897482,gold-59-fe5f3a4140f9-cd5c66545-s9zkn,3582.0,59,1551893898,gold-59-fe5f3a4140f9-cd5c66545-s9zkn,gold,100,99.94419642857143,experiment
1551897482,gold-67-b926e115bd3e-57c744fd57-h6rbc,3563.0,67,1551893917,gold-67-b926e115bd3e-57c744fd57-h6rbc,gold,100,99.94389901823281,experiment
1551897482,bronze-201-301c593762f4-5b79fcdbf6-t4wnf,3576.0,201,1551893904,bronze-201-301c593762f4-5b79fcdbf6-t4wnf,bronze,50,99.94410285075462,experiment
1551897483,silver-91-7fff63d1c795-9d585f5b8-pdcsl,3540.0,91,1551893940,silver-91-7fff63d1c795-9d585f5b8-pdcsl,silver,90,99.91532599491956,experiment
1551897483,silver-135-f31aa5cb09be-864c7bbb48-65ffw,3578.0,135,1551893903,silver-135-f31aa5cb09be-864c7bbb48-65ffw,silver,90,99.94413407821229,experiment
1551897485,bronze-178-da6fba7fc98d-5b55b6548d-rbp77,4.0,178,1551893938,bronze-178-da6fba7fc98d-5b55b6548d-zhdsb,bronze,50,0.11277135607555681,experiment
1551897485,bronze-199-437e3a1691cf-cdf4c9d48-gmm47,3589.0,199,1551893894,bronze-199-437e3a1691cf-cdf4c9d48-gmm47,bronze,50,99.9443052074631,experiment
1551897486,silver-158-a757591bf207-56c8bd6b94-mpvhz,3589.0,158,1551893895,silver-158-a757591bf207-56c8bd6b94-mpvhz,silver,90,99.9443052074631,experiment
1551897486,bronze-174-9f1d00f0b571-cf768f956-h2xt4,3596.0,174,1551893888,bronze-174-9f1d00f0b571-cf768f956-h2xt4,bronze,50,99.9444135630906,experiment
1551897486,silver-108-10a39dd2cc87-bc66dfd66-g7ckn,3595.0,108,1551893889,silver-108-10a39dd2cc87-bc66dfd66-g7ckn,silver,90,99.94439810953573,experiment
1551897486,silver-137-44f913788be4-6d947c9c4b-gnvx6,3563.0,137,1551893921,silver-137-44f913788be4-6d947c9c4b-gnvx6,silver,90,99.94389901823281,experiment
1551897487,bronze-208-7f26dcffce14-8695d8c676-kkchw,3567.0,208,1551893918,bronze-208-7f26dcffce14-8695d8c676-kkchw,bronze,50,99.94396189408799,experiment
1551897487,gold-65-1a1365944f40-7c564487dc-5ztrs,3533.0,65,1551893951,gold-65-1a1365944f40-7c564487dc-5ztrs,gold,100,99.91515837104072,experiment
1551897487,silver-110-8bcd7518d428-7c79877874-r4qcv,3586.0,110,1551893899,silver-110-8bcd7518d428-7c79877874-r4qcv,silver,90,99.94425863991081,experiment
1551897488,silver-144-1c4b1517a719-68567768d8-8lbb5,3519.0,144,1551893967,silver-144-1c4b1517a719-68567768d8-8lbb5,silver,90,99.94319795512638,experiment
1551897488,silver-123-cbe3dd44bd3c-5fc6cf6bd8-584l9,3574.0,123,1551893912,silver-123-cbe3dd44bd3c-5fc6cf6bd8-584l9,silver,90,99.9440715883669,experiment
1551897488,gold-21-a04c5450a0d0-75696b97b9-jmc44,3593.0,21,1551893893,gold-21-a04c5450a0d0-75696b97b9-jmc44,gold,100,99.94436717663422,experiment
1551897488,silver-117-5dac16029bd5-77ff55fb84-42l7n,3590.0,117,1551893896,silver-117-5dac16029bd5-77ff55fb84-42l7n,silver,90,99.94432071269487,experiment
1551897488,gold-63-de41e12be0ee-544bc6b8f-vw57q,3584.0,63,1551893902,gold-63-de41e12be0ee-544bc6b8f-vw57q,gold,100,99.94422755158952,experiment
1551897489,silver-118-558586687565-86cf8c666b-c86xh,3527.0,118,1551893960,silver-118-558586687565-86cf8c666b-c86xh,silver,90,99.94332672145083,experiment
1551897489,gold-70-4707fea61e63-7894575cb9-jrfwg,3542.0,70,1551893945,gold-70-4707fea61e63-7894575cb9-jrfwg,gold,100,99.94356659142211,experiment
1551897489,gold-8-dd618cadec84-7c56d4f7-rcm6z,3526.0,8,1551893961,gold-8-dd618cadec84-7c56d4f7-rcm6z,gold,100,99.94331065759637,experiment
1551897490,gold-47-18649d1d6e8d-565ffbb8ff-vj9nk,3544.0,47,1551893944,gold-47-18649d1d6e8d-565ffbb8ff-vj9nk,gold,100,99.94359842075579,experiment
1551897490,gold-34-a36a7eeb402f-6f4cf4f987-5m55b,3568.0,34,1551893920,gold-34-a36a7eeb402f-6f4cf4f987-5m55b,gold,100,99.94397759103641,experiment
1551897491,silver-93-e4ce07f845be-7d479c45b4-6jg4n,3525.0,93,1551893964,silver-93-e4ce07f845be-7d479c45b4-6jg4n,silver,90,99.94329458463284,experiment
1551897491,silver-149-d94e0d7ad654-7c4494c7fb-w5j5f,3579.0,149,1551893910,silver-149-d94e0d7ad654-7c4494c7fb-w5j5f,silver,90,99.94414967886065,experiment
1551897491,bronze-213-6062365044bb-78fb79ccb8-5r45b,3497.0,213,1551893992,bronze-213-6062365044bb-78fb79ccb8-5r45b,bronze,50,99.94284081166047,experiment
1551897491,silver-85-fe77b34f950b-5f6f5886f6-k5nkw,3546.0,85,1551893943,silver-85-fe77b34f950b-5f6f5886f6-k5nkw,silver,90,99.94363021420519,experiment
1551897491,silver-114-4cbf0aa3d8e9-5cb8dc774-hrg95,3588.0,114,1551893901,silver-114-4cbf0aa3d8e9-5cb8dc774-hrg95,silver,90,99.94428969359332,experiment
1551897492,silver-141-e83141037679-67b585fdf8-qvzdk,3544.0,141,1551893946,silver-141-e83141037679-67b585fdf8-qvzdk,silver,90,99.94359842075579,experiment
1551897492,silver-102-41327def9a33-84fbcbd5b-gvghk,3567.0,102,1551893922,silver-102-41327def9a33-84fbcbd5b-gvghk,silver,90,99.91596638655463,experiment
1551897492,gold-57-3287bcc028c5-69d848465-xlgr7,3539.0,57,1551893950,gold-57-3287bcc028c5-69d848465-xlgr7,gold,100,99.91530208921513,experiment
1551897493,gold-39-3d3915d727a5-7965cb794c-d8zgf,3538.0,39,1551893953,gold-39-3d3915d727a5-7965cb794c-d8zgf,gold,100,99.94350282485875,experiment
1551897493,gold-74-60effdf1d9c1-78767cb6b9-brgfc,3567.0,74,1551893924,gold-74-60effdf1d9c1-78767cb6b9-brgfc,gold,100,99.94396189408799,experiment
1551897493,gold-46-14455b9725dc-8d7b48455-sf66h,3520.0,46,1551893971,gold-46-14455b9725dc-8d7b48455-sf66h,gold,100,99.94321408290745,experiment
1551897493,silver-101-2a35645618be-85f44c8f58-smfmp,3521.0,101,1551893970,silver-101-2a35645618be-85f44c8f58-smfmp,silver,90,99.94323020153278,experiment
1551897493,gold-24-e27db29d23df-5d798dd977-sh95n,3535.0,24,1551893956,gold-24-e27db29d23df-5d798dd977-sh95n,gold,100,99.94345490528697,experiment
1551897494,bronze-226-5c1156bb3a07-6fcf75c596-6z5xv,0.0,226,1551893991,bronze-226-5c1156bb3a07-6fcf75c596-96tng,bronze,50,0.0,experiment
1551897494,bronze-210-9e6c24da398c-597ccbc7f6-sv4p5,0.0,210,1551893923,bronze-210-9e6c24da398c-597ccbc7f6-gjj9k,bronze,50,0.0,experiment
1551897494,silver-84-7202d27f9a33-6544c6fd5b-n7t4f,3561.0,84,1551893930,silver-84-7202d27f9a33-6544c6fd5b-n7t4f,silver,90,99.91582491582491,experiment
1551897495,bronze-165-22db04f6b081-6456b4fc96-4hwbr,4.0,165,1551893993,bronze-165-22db04f6b081-6456b4fc96-gqmn5,bronze,50,0.1142204454597373,experiment
1551897495,silver-104-080edeab2149-64c4df554-sbnjr,3536.0,104,1551893957,silver-104-080edeab2149-64c4df554-sbnjr,silver,90,99.94347088750708,experiment
1551897495,bronze-194-13b946435600-847757d7d8-tkbhz,3.0,194,1551893955,bronze-194-13b946435600-847757d7d8-pv627,bronze,50,0.0847457627118644,experiment
1551897495,bronze-166-9292a857f830-679bccfd84-qq94l,3554.0,166,1551893939,bronze-166-9292a857f830-679bccfd84-qq94l,bronze,50,99.9437570303712,experiment
1551897495,silver-128-44d752f3eba0-5d4ffbc75d-fgwpr,3539.0,128,1551893954,silver-128-44d752f3eba0-5d4ffbc75d-fgwpr,silver,90,99.94351878000565,experiment
1551897495,silver-140-6901ecd8afe9-f99dc6b74-ds97j,3566.0,140,1551893926,silver-140-6901ecd8afe9-f99dc6b74-ds97j,silver,90,99.91594284113197,experiment
1551897495,gold-27-97c99772833c-977dfb755-c2zxt,3578.0,27,1551893915,gold-27-97c99772833c-977dfb755-c2zxt,gold,100,99.94413407821229,experiment
1551897496,bronze-248-1919bca9ac7a-688dd8ffd8-tlzb2,3532.0,248,1551893962,bronze-248-1919bca9ac7a-688dd8ffd8-tlzb2,bronze,50,99.94340690435767,experiment
1551897496,silver-156-1e5ed82e9353-7955bfcd7b-dlvs8,3518.0,156,1551893975,silver-156-1e5ed82e9353-7955bfcd7b-dlvs8,silver,90,99.91479693268957,experiment
1551897496,silver-153-5ebb016cd4b6-6d8b4b8cd4-grc7z,3528.0,153,1551893966,silver-153-5ebb016cd4b6-6d8b4b8cd4-grc7z,silver,90,99.94334277620396,experiment
1551897496,bronze-177-04c466f41ed4-77d5bd8ff6-d6wfj,15.0,177,1551893919,bronze-177-04c466f41ed4-77d5bd8ff6-8585x,bronze,50,0.4193458205199888,experiment
1551897498,silver-147-2ff1b2e040f7-599b85fd96-mdb24,3588.0,147,1551893908,silver-147-2ff1b2e040f7-599b85fd96-mdb24,silver,90,99.94428969359332,experiment
1551897498,gold-16-ab1bf41a9f8a-5b876ff475-q659j,3538.0,16,1551893958,gold-16-ab1bf41a9f8a-5b876ff475-q659j,gold,100,99.94350282485875,experiment
1551897498,gold-41-ccfe9ea8e813-88df9db45-xqmn7,3528.0,41,1551893968,gold-41-ccfe9ea8e813-88df9db45-xqmn7,gold,100,99.94334277620396,experiment
1551897498,bronze-211-2966b3ba842f-7748574796-k8c4h,3554.0,211,1551893942,bronze-211-2966b3ba842f-7748574796-k8c4h,bronze,50,99.9437570303712,experiment
1551897498,bronze-218-6b8201c6ee01-7b4486c464-d2zj4,3533.0,218,1551893963,bronze-218-6b8201c6ee01-7b4486c464-d2zj4,bronze,50,99.94342291371994,experiment
1551897499,gold-35-1d645904810a-6d67b87b5f-stjhb,3556.0,35,1551893941,gold-35-1d645904810a-6d67b87b5f-stjhb,gold,100,99.94378864530636,experiment
1551897500,bronze-198-6bc3db1f9540-ffcbbc85b-shtqx,9.0,198,1551893969,bronze-198-6bc3db1f9540-ffcbbc85b-84kp9,bronze,50,0.2548853016142736,experiment
1551897500,silver-157-5a3c1f71e198-594cd87644-5sxv9,3539.0,157,1551893959,silver-157-5a3c1f71e198-594cd87644-5sxv9,silver,90,99.94351878000565,experiment
1551897500,gold-72-05ae3545490a-5467664c6c-d89tr,3566.0,72,1551893932,gold-72-05ae3545490a-5467664c6c-d89tr,gold,100,99.9439461883408,experiment
1551897500,bronze-209-6cf9ae6903df-5bbc97b684-msw6r,3402.0,209,1551893936,bronze-209-6cf9ae6903df-5bbc97b684-79xq9,bronze,50,95.45454545454545,experiment
1551897500,gold-64-a1e268914575-797f95996f-d9tqn,3570.0,64,1551893928,gold-64-a1e268914575-797f95996f-d9tqn,gold,100,99.94400895856663,experiment
1551897500,gold-58-cf75c2feda98-74c7bdd5-mzvhg,3532.0,58,1551893965,gold-58-cf75c2feda98-74c7bdd5-mzvhg,gold,100,99.91513437057992,experiment
1551897501,gold-15-4833dac81c41-5658b94659-cnmsb,3564.0,15,1551893935,gold-15-4833dac81c41-5658b94659-cnmsb,gold,100,99.94391475042063,experiment
1551897501,bronze-221-f0facc058191-85757fcf6d-nkngl,3523.0,221,1551893976,bronze-221-f0facc058191-85757fcf6d-nkngl,bronze,50,99.94326241134752,experiment
1551897501,silver-131-41ebfda9e0cd-5f6f887776-d2kgx,3504.0,131,1551893995,silver-131-41ebfda9e0cd-5f6f887776-d2kgx,silver,90,99.94295493439817,experiment
1551897501,silver-98-76c6572f0efe-84f575cc64-j2425,3512.0,98,1551893987,silver-98-76c6572f0efe-84f575cc64-j2425,silver,90,99.94308480364256,experiment
1551897501,gold-80-c2a4cf45899d-7f55b6885c-qn56b,3568.0,80,1551893931,gold-80-c2a4cf45899d-7f55b6885c-qn56b,gold,100,99.94397759103641,experiment
1551897501,silver-126-1591a154748f-75d4b4bbd-4g2b9,3515.0,126,1551893984,silver-126-1591a154748f-75d4b4bbd-4g2b9,silver,90,99.94313335228888,experiment
1551897502,silver-115-9afb68312103-7f5c55fb7b-2l2tm,3521.0,115,1551893979,silver-115-9afb68312103-7f5c55fb7b-2l2tm,silver,90,99.94323020153278,experiment
1551897502,silver-145-ba527ff7e471-784ddd977b-7ljfn,3511.0,145,1551893989,silver-145-ba527ff7e471-784ddd977b-7ljfn,silver,90,99.94306860233418,experiment
1551897502,silver-151-dfb6d7cfcb0e-6545f48848-8zfzx,3527.0,151,1551893973,silver-151-dfb6d7cfcb0e-6545f48848-8zfzx,silver,90,99.94332672145083,experiment
1551897502,bronze-241-dc40d66461c8-6d58446796-r2qsg,6.0,241,1551893927,bronze-241-dc40d66461c8-6d58446796-t22zg,bronze,50,0.16783216783216784,experiment
1551897503,bronze-225-b95061545eea-78c585575b-hsxfn,3519.0,225,1551893982,bronze-225-b95061545eea-78c585575b-hsxfn,bronze,50,99.94319795512638,experiment
1551897503,bronze-243-c8f1926d7f68-6854c99c64-mgrb6,4.0,243,1551893933,bronze-243-c8f1926d7f68-6854c99c64-68njn,bronze,50,0.11204481792717086,experiment
1551897503,gold-45-dd87a17c7b7c-6b6bc49659-cjmbg,3521.0,45,1551893980,gold-45-dd87a17c7b7c-6b6bc49659-cjmbg,gold,100,99.94323020153278,experiment
1551897503,gold-32-fb9fad458c2b-557c8ccfcf-kzsdk,3516.0,32,1551893985,gold-32-fb9fad458c2b-557c8ccfcf-kzsdk,gold,100,99.94314951677089,experiment
1551897504,silver-99-bbd8e4167f1d-7fd4b86ccb-84xdc,3524.0,99,1551893977,silver-99-bbd8e4167f1d-7fd4b86ccb-84xdc,silver,90,99.91494187694924,experiment
1551897504,silver-87-938d523fc53d-dddf9c8d8-5vksb,3549.0,87,1551893952,silver-87-938d523fc53d-dddf9c8d8-5vksb,silver,90,99.91554054054053,experiment
1551897504,bronze-192-e12542bf70d9-57dc894d88-vllvk,5.0,192,1551893986,bronze-192-e12542bf70d9-57dc894d88-kjs7c,bronze,50,0.14212620807276863,experiment
1551897504,bronze-232-aa10f40f275d-755b48c9dd-c7kx6,3499.0,232,1551894003,bronze-232-aa10f40f275d-755b48c9dd-c7kx6,bronze,50,99.94287346472437,experiment
1551897504,silver-81-5d1e0875a570-585466cdb4-j8r4s,3565.0,81,1551893937,silver-81-5d1e0875a570-585466cdb4-j8r4s,silver,90,99.9439304737875,experiment
1551897504,silver-142-7886d5d8439a-65f44ccf94-p9nwn,3555.0,142,1551893947,silver-142-7886d5d8439a-65f44ccf94-p9nwn,silver,90,99.94377284228281,experiment
1551897505,bronze-236-0b991bfe4cb1-689b686cd8-4j8rk,3528.0,236,1551893974,bronze-236-0b991bfe4cb1-689b686cd8-4j8rk,bronze,50,99.91503823279524,experiment
1551897505,bronze-204-8aad19b0ad85-545cd5756d-w95mw,30.0,204,1551893972,bronze-204-8aad19b0ad85-545cd5756d-ds926,bronze,50,0.8491367110104727,experiment
1551897505,bronze-228-bf846fc3f4f5-756569775b-bnzf6,15.0,228,1551893914,bronze-228-bf846fc3f4f5-756569775b-hhrvb,bronze,50,0.4177109440267335,experiment
1551897505,bronze-187-a7aaec46bdeb-54b6d5f868-kntwt,5.0,187,1551894021,bronze-187-a7aaec46bdeb-54b6d5f868-dtsbg,bronze,50,0.14351320321469577,experiment
1551897505,bronze-168-91c5dfb484ac-59cbdbbcf6-fkhzh,3568.0,168,1551893934,bronze-168-91c5dfb484ac-59cbdbbcf6-fkhzh,bronze,50,99.91598991879026,experiment
1551897506,silver-139-57ac504e1c97-d8bf995dd-ktqmn,3515.0,139,1551893988,silver-139-57ac504e1c97-d8bf995dd-ktqmn,silver,90,99.91472427515635,experiment
1551897508,gold-69-822b464e10b1-5856d769b5-fs4kq,3512.0,69,1551893994,gold-69-822b464e10b1-5856d769b5-fs4kq,gold,100,99.94308480364256,experiment
1551897509,gold-11-d76eb19f3cc7-77479f88df-gdn6q,3525.0,11,1551893981,gold-11-d76eb19f3cc7-77479f88df-gdn6q,gold,100,99.91496598639455,experiment
1551897509,bronze-231-71d361363fb3-76994dfd68-nclmw,3517.0,231,1551893990,bronze-231-71d361363fb3-76994dfd68-nclmw,bronze,50,99.94316567206593,experiment
1551897509,bronze-235-70f5a6693f73-67b88bb6f6-ttr8g,3528.0,235,1551893978,bronze-235-70f5a6693f73-67b88bb6f6-ttr8g,bronze,50,99.91503823279524,experiment
1551897509,silver-109-d50b3ec59081-6dbc754784-f6qzq,3511.0,109,1551893996,silver-109-d50b3ec59081-6dbc754784-f6qzq,silver,90,99.94306860233418,experiment
1551897509,silver-133-414b19287ec9-75554969fd-cwnfv,3506.0,133,1551894000,silver-133-414b19287ec9-75554969fd-cwnfv,silver,90,99.9145055571388,experiment
1551897510,bronze-249-a283f9d9b685-9699f6576-pg24j,3507.0,249,1551894001,bronze-249-a283f9d9b685-9699f6576-pg24j,bronze,50,99.94300370475919,experiment
1551897510,silver-136-0b9569bb2fc2-598595b6d6-cf7xp,3504.0,136,1551894004,silver-136-0b9569bb2fc2-598595b6d6-cf7xp,silver,90,99.94295493439817,experiment
1551897510,silver-121-d9217e2c8b5a-6d57f57b64-zfl86,3578.0,121,1551893929,silver-121-d9217e2c8b5a-6d57f57b64-zfl86,silver,90,99.91622451829097,experiment
1551897510,silver-159-3dc83954f6fb-6dbd6f8d7d-tqjxb,3524.0,159,1551893983,silver-159-3dc83954f6fb-6dbd6f8d7d-tqjxb,silver,90,99.91494187694924,experiment
1551897510,silver-160-a389e93bf704-5c9c8bc574-vpl2n,3506.0,160,1551894002,silver-160-a389e93bf704-5c9c8bc574-vpl2n,silver,90,99.94298745724059,experiment
1551897510,gold-43-98eda1c20ccb-5f9f69485-6tq6z,3501.0,43,1551894006,gold-43-98eda1c20ccb-5f9f69485-6tq6z,gold,100,99.91438356164383,experiment
1551897510,bronze-180-ab10334509b6-6f444cf68d-w6l6s,11.0,180,1551894044,bronze-180-ab10334509b6-6f444cf68d-7r6jm,bronze,50,0.3173687247547605,experiment
1551897510,silver-152-94fe27525691-5fd6cc648-42twt,3511.0,152,1551893997,silver-152-94fe27525691-5fd6cc648-42twt,silver,90,99.94306860233418,experiment
1551897510,bronze-167-ef01e4f290ff-8fc45bf6d-48pvq,3503.0,167,1551894005,bronze-167-ef01e4f290ff-8fc45bf6d-48pvq,bronze,50,99.94293865905848,experiment
1551897510,silver-124-6bd34345fbc0-57bf44846d-pfq2w,3497.0,124,1551894011,silver-124-6bd34345fbc0-57bf44846d-pfq2w,silver,90,99.94284081166047,experiment
1551897510,silver-111-a2e0f26df500-68fcd98d7d-qtkm8,3501.0,111,1551894007,silver-111-a2e0f26df500-68fcd98d7d-qtkm8,silver,90,99.94290608050242,experiment
1551897510,silver-95-6797ca838947-5bbc486d96-tthwk,3496.0,95,1551894012,silver-95-6797ca838947-5bbc486d96-tthwk,silver,90,99.94282447112636,experiment
1551897511,gold-55-779331fcaa50-d488948c7-4lmrh,3509.0,55,1551893999,gold-55-779331fcaa50-d488948c7-4lmrh,gold,100,99.91457858769932,experiment
1551897511,gold-36-c32de98e12ae-54464d78c9-bgpvt,3499.0,36,1551894009,gold-36-c32de98e12ae-54464d78c9-bgpvt,gold,100,99.9143346659052,experiment
1551897511,bronze-238-d590b5c12ff1-677c847d84-xkgg9,33.0,238,1551894008,bronze-238-d590b5c12ff1-677c847d84-tcstb,bronze,50,0.9420496717099628,experiment
1551897511,gold-61-894eafc9c700-569f85fbd9-8jgb6,3479.0,61,1551894030,gold-61-894eafc9c700-569f85fbd9-8jgb6,gold,100,99.94254524561907,experiment
1551897511,gold-25-72d316bc7eb4-b959ddf5f-xg2fv,3493.0,25,1551894016,gold-25-72d316bc7eb4-b959ddf5f-xg2fv,gold,100,99.94277539341917,experiment
1551897511,silver-100-98868f015ee3-7788468d4-zpwjk,3471.0,100,1551894038,silver-100-98868f015ee3-7788468d4-zpwjk,silver,90,99.94241289951051,experiment
1551897511,bronze-237-4c00c893ee2b-6cb68dd8c6-26xrv,3496.0,237,1551894013,bronze-237-4c00c893ee2b-6cb68dd8c6-26xrv,bronze,50,99.94282447112636,experiment
1551897512,silver-155-df206dd2a643-b7fc95db4-5txwl,3471.0,155,1551894039,silver-155-df206dd2a643-b7fc95db4-5txwl,silver,90,99.94241289951051,experiment
1551897512,bronze-176-55ffb379fed4-56fcd885dd-6xmct,16.0,176,1551894054,bronze-176-55ffb379fed4-56fcd885dd-qc7td,bronze,50,0.46269519953730476,experiment
1551897512,silver-96-8b8cb6ca1591-5d5c769f7b-88v88,3469.0,96,1551894041,silver-96-8b8cb6ca1591-5d5c769f7b-88v88,silver,90,99.94237971766061,experiment
1551897512,gold-48-79c8ec1c5010-8496b9587-x2fn4,3496.0,48,1551894014,gold-48-79c8ec1c5010-8496b9587-x2fn4,gold,100,99.94282447112636,experiment
1551897513,silver-129-913b2fb7a4bf-c99559f68-5h4q9,3496.0,129,1551894015,silver-129-913b2fb7a4bf-c99559f68-5h4q9,silver,90,99.94282447112636,experiment
1551897513,bronze-247-7aa96177b585-7bb4f5dd8d-vs8r5,24.0,247,1551894093,bronze-247-7aa96177b585-7bb4f5dd8d-vs8r5,bronze,50,0.7017543859649122,experiment
1551897513,bronze-185-1e232254ddc0-79ccb99f48-ztrx7,19.0,185,1551894111,bronze-185-1e232254ddc0-79ccb99f48-ztrx7,bronze,50,0.5584950029394474,experiment
1551897513,silver-83-0e9f0e7822bd-7b75d59b44-4s9p7,3501.0,83,1551894010,silver-83-0e9f0e7822bd-7b75d59b44-4s9p7,silver,90,99.94290608050242,experiment
1551897513,bronze-227-f09779dcc04c-5dcb5959dd-h54t2,23.0,227,1551894109,bronze-227-f09779dcc04c-5dcb5959dd-h54t2,bronze,50,0.6756756756756757,experiment
1551897513,bronze-186-1e6f2c8653bb-579d876464-sn47k,3478.0,186,1551894032,bronze-186-1e6f2c8653bb-579d876464-sn47k,bronze,50,99.91381786842861,experiment
1551897514,gold-22-76bce2ef99e2-d9b46fc47-bwtfq,3477.0,22,1551894035,gold-22-76bce2ef99e2-d9b46fc47-bwtfq,gold,100,99.94251221615407,experiment
1551897514,bronze-193-a6550b884788-6c4ccbb6b8-pn8c6,3489.0,193,1551894022,bronze-193-a6550b884788-6c4ccbb6b8-pn8c6,bronze,50,99.91408934707904,experiment
1551897514,bronze-251-b3a4be41a165-d59f88fb4-mnczj,3643.0,251,1551893869,bronze-251-b3a4be41a165-d59f88fb4-mnczj,bronze,50,99.94513031550069,experiment
1551897514,gold-17-8b68ea644ffc-7494f76d75-pld7t,3563.0,17,1551893948,gold-17-8b68ea644ffc-7494f76d75-pld7t,gold,100,99.91587212563095,experiment
1551897514,bronze-161-b2f5961bf2f6-6969759668-d48mg,3513.0,161,1551893998,bronze-161-b2f5961bf2f6-6969759668-d48mg,bronze,50,99.9146757679181,experiment
1551897515,bronze-220-59cdadb42a69-5bcb8c9dbd-626nn,23.0,220,1551894071,bronze-220-59cdadb42a69-5bcb8c9dbd-626nn,bronze,50,0.667828106852497,experiment
1551897515,bronze-205-521faafb77ab-6cc9485b6d-wtlmk,19.0,205,1551894117,bronze-205-521faafb77ab-6cc9485b6d-wtlmk,bronze,50,0.5591524426133019,experiment
1551897515,bronze-195-01f763a34ca3-7646c4f964-vx6dw,24.0,195,1551894076,bronze-195-01f763a34ca3-7646c4f964-vx6dw,bronze,50,0.6978772899098575,experiment
1551897515,bronze-233-b7585c66c90e-66574fd76-p5mnv,3488.0,233,1551894025,bronze-233-b7585c66c90e-66574fd76-p5mnv,bronze,50,99.94269340974212,experiment
1551897515,gold-76-afc159d88fd3-79cccfbbdc-dnngv,3471.0,76,1551894042,gold-76-afc159d88fd3-79cccfbbdc-dnngv,gold,100,99.94241289951051,experiment
1551897516,bronze-244-d1b793036f66-6bd4b7dd44-6gwmf,3491.0,244,1551894023,bronze-244-d1b793036f66-6bd4b7dd44-6gwmf,bronze,50,99.94274262811336,experiment
1551897516,bronze-239-107a8b24f732-6f8b4f7c64-4r64t,3476.0,239,1551894037,bronze-239-107a8b24f732-6f8b4f7c64-4r64t,bronze,50,99.9137683242311,experiment
1551897516,gold-73-6ccc048a50b5-84f4d688bf-rvfms,3487.0,73,1551894026,gold-73-6ccc048a50b5-84f4d688bf-rvfms,gold,100,99.91404011461317,experiment
1551897516,bronze-172-4dc1349bbc0f-68dcc7c8d4-jng69,17.0,172,1551894040,bronze-172-4dc1349bbc0f-68dcc7c8d4-dbrhc,bronze,50,0.4890678941311853,experiment
1551897516,bronze-181-2de89b99259e-64984f8f56-47h2j,16.0,181,1551894031,bronze-181-2de89b99259e-64984f8f56-rvz2p,bronze,50,0.45911047345767575,experiment
1551897517,bronze-162-48b7c69bff5f-79df99cd84-znxqq,22.0,162,1551894017,bronze-162-48b7c69bff5f-79df99cd84-7xvsl,bronze,50,0.6285714285714286,experiment
1551897517,bronze-256-0ebc90d1231f-79b6d556fb-cfv9r,23.0,256,1551894068,bronze-256-0ebc90d1231f-79b6d556fb-czp9s,bronze,50,0.6668599594085242,experiment
1551897517,silver-127-6e6dcff7210e-ddd8f6c76-j6bts,3468.0,127,1551894047,silver-127-6e6dcff7210e-ddd8f6c76-j6bts,silver,90,99.94236311239193,experiment
1551897517,silver-125-b8e25e95af7a-594fd8c77d-9t762,3442.0,125,1551894072,silver-125-b8e25e95af7a-594fd8c77d-9t762,silver,90,99.91291727140784,experiment
1551897517,gold-60-5e954ea00585-78746c655c-rgg4w,3462.0,60,1551894053,gold-60-5e954ea00585-78746c655c-rgg4w,gold,100,99.94226327944573,experiment
1551897518,silver-92-cbbe5189dcb0-768f958768-xfztg,3451.0,92,1551894065,silver-92-cbbe5189dcb0-768f958768-xfztg,silver,90,99.94207935128874,experiment
1551897518,gold-4-034e5be5f776-59f4b5ddb9-2cgz6,3567.0,4,1551893949,gold-4-034e5be5f776-59f4b5ddb9-2cgz6,gold,100,99.94396189408799,experiment
1551897518,gold-3-d5924d2e3b42-7d57999bf7-r5ps6,3442.0,3,1551894074,gold-3-d5924d2e3b42-7d57999bf7-r5ps6,gold,100,99.94192799070848,experiment
1551897518,gold-5-4cdd84d11876-7bd8bc7697-rqk97,3487.0,5,1551894029,gold-5-4cdd84d11876-7bd8bc7697-rqk97,gold,100,99.9426769848094,experiment
1551897518,bronze-191-87009e36ac63-6875fb76d-hs55v,21.0,191,1551894090,bronze-191-87009e36ac63-6875fb76d-hs55v,bronze,50,0.6126021003500584,experiment
1551897518,silver-134-d64adc9d3f24-78b8f5f674-wzlzg,3481.0,134,1551894034,silver-134-d64adc9d3f24-78b8f5f674-wzlzg,silver,90,99.91389207807119,experiment
1551897519,bronze-203-a6f41b557ac1-649d9f6684-n79mv,3498.0,203,1551894019,bronze-203-a6f41b557ac1-649d9f6684-n79mv,bronze,50,99.94285714285715,experiment
1551897519,bronze-242-3a5d52fd79a0-7dfff75dbd-lv2p6,32.0,242,1551894020,bronze-242-3a5d52fd79a0-7dfff75dbd-tzgvr,bronze,50,0.9145470134324093,experiment
1551897519,silver-94-4ffde25ddd1c-66c9b4d76d-hlqgx,3467.0,94,1551894050,silver-94-4ffde25ddd1c-66c9b4d76d-hlqgx,silver,90,99.94234649754972,experiment
1551897519,gold-75-a404fbaee447-55694454bc-tp72f,3459.0,75,1551894057,gold-75-a404fbaee447-55694454bc-tp72f,gold,100,99.91334488734836,experiment
1551897519,silver-107-fa5f952f9956-6cff7555dd-52hk6,3499.0,107,1551894018,silver-107-fa5f952f9956-6cff7555dd-52hk6,silver,90,99.94287346472437,experiment
1551897519,gold-38-32f9dfb150d0-f9c65c58c-vzdqh,3411.0,38,1551894106,gold-38-32f9dfb150d0-f9c65c58c-vzdqh,gold,100,99.94140052739525,experiment
1551897520,gold-18-94d5bef69fe6-84987d9cc7-xggjq,3472.0,18,1551894046,gold-18-94d5bef69fe6-84987d9cc7-xggjq,gold,100,99.94242947610823,experiment
1551897520,silver-130-3b5206c38849-6c8dff76fb-n7jqp,3414.0,130,1551894104,silver-130-3b5206c38849-6c8dff76fb-n7jqp,silver,90,99.94145199063233,experiment
1551897520,gold-78-9590667922e1-5c794fc7c-9vzc2,3493.0,78,1551894024,gold-78-9590667922e1-5c794fc7c-9vzc2,gold,100,99.9141876430206,experiment
1551897520,gold-13-00cee0effdee-768b6995df-cp4g8,3490.0,13,1551894028,gold-13-00cee0effdee-768b6995df-cp4g8,gold,100,99.94272623138602,experiment
1551897520,silver-82-b0352bb05929-7f8f44c84-fdnsh,3445.0,82,1551894073,silver-82-b0352bb05929-7f8f44c84-fdnsh,silver,90,99.94197853205686,experiment
1551897521,silver-89-db070d7069ea-7cdfbf95c6-79vml,3444.0,89,1551894075,silver-89-db070d7069ea-7cdfbf95c6-79vml,silver,90,99.94196169471851,experiment
1551897521,gold-6-966bcb4c7412-6474974c7-vvkng,3439.0,6,1551894080,gold-6-966bcb4c7412-6474974c7-vvkng,gold,100,99.9418773612322,experiment
1551897521,bronze-252-e18caef558a8-745b7bfb4-jzgf5,39.0,252,1551894033,bronze-252-e18caef558a8-745b7bfb4-vvvkg,bronze,50,1.1181192660550459,experiment
1551897521,bronze-224-3bcedb548a1b-55cd994cd4-xr96t,39.0,224,1551894084,bronze-224-3bcedb548a1b-55cd994cd4-xr96t,bronze,50,1.1347105033459413,experiment
1551897521,gold-42-68af7ea0b046-5f4bf75977-x6mq7,3463.0,42,1551894056,gold-42-68af7ea0b046-5f4bf75977-x6mq7,gold,100,99.94227994227994,experiment
1551897522,gold-12-5893fa6c8c2c-977b5bff7-zjcqx,3493.0,12,1551894027,gold-12-5893fa6c8c2c-977b5bff7-zjcqx,gold,100,99.94277539341917,experiment
1551897522,bronze-200-bb728d051b72-bd8b94796-qpbrh,42.0,200,1551894123,bronze-200-bb728d051b72-bd8b94796-qpbrh,bronze,50,1.235657546337158,experiment
1551897522,silver-88-fe9037291a07-f8bdf6976-zbkfw,3465.0,88,1551894055,silver-88-fe9037291a07-f8bdf6976-zbkfw,silver,90,99.94231323911163,experiment
1551897522,bronze-246-6b78f647bfa7-6fd8b855b4-97897,25.0,246,1551894060,bronze-246-6b78f647bfa7-6fd8b855b4-9878n,bronze,50,0.7221259387637204,experiment
1551897522,bronze-253-ca5671a0901c-68d6c6fcd4-hbkzd,30.0,253,1551894086,bronze-253-ca5671a0901c-68d6c6fcd4-hbkzd,bronze,50,0.8731082654249126,experiment
1551897522,bronze-164-4ddcefcfa2e7-66c45cf676-7mrzx,37.0,164,1551894082,bronze-164-4ddcefcfa2e7-66c45cf676-7mrzx,bronze,50,1.0755813953488373,experiment
1551897523,silver-106-13ab75efed06-579c5b79db-7rc9n,3454.0,106,1551894067,silver-106-13ab75efed06-579c5b79db-7rc9n,silver,90,99.94212962962963,experiment
1551897523,silver-122-3ff22261f889-7cfcb6554b-xxtqd,3414.0,122,1551894107,silver-122-3ff22261f889-7cfcb6554b-xxtqd,silver,90,99.94145199063233,experiment
1551897523,bronze-215-5d862bf2662f-8798b568d-vb5sd,36.0,215,1551894064,bronze-215-5d862bf2662f-8798b568d-d4jcc,bronze,50,1.0407632263660018,experiment
1551897523,bronze-234-8b10f6f48669-77c5b9c99b-wxqml,45.0,234,1551894118,bronze-234-8b10f6f48669-77c5b9c99b-wxqml,bronze,50,1.3215859030837005,experiment
1551897524,gold-44-8c2fba1aa1ff-6c7c48fc65-xt2h5,3461.0,44,1551894061,gold-44-8c2fba1aa1ff-6c7c48fc65-xt2h5,gold,100,99.94224660698816,experiment
1551897524,silver-132-dd17bb63a5cf-f9bb4478-jjvf2,3477.0,132,1551894045,silver-132-dd17bb63a5cf-f9bb4478-jjvf2,silver,90,99.94251221615407,experiment
1551897524,bronze-182-cf7102734676-6ffc8b87b-zw4cv,36.0,182,1551894089,bronze-182-cf7102734676-6ffc8b87b-zw4cv,bronze,50,1.0480349344978166,experiment
1551897524,gold-7-b816df5390b0-8476ccb797-v2zgs,3464.0,7,1551894058,gold-7-b816df5390b0-8476ccb797-v2zgs,gold,100,99.94229659549913,experiment
1551897524,bronze-169-89dda2d0cc51-bc579cdf6-5zmdk,3471.0,169,1551894051,bronze-169-89dda2d0cc51-bc579cdf6-5zmdk,bronze,50,99.94241289951051,experiment
1551897524,silver-113-ad8c69f018ed-77dcdd6686-jkcpz,3400.0,113,1551894122,silver-113-ad8c69f018ed-77dcdd6686-jkcpz,silver,90,99.94121105232216,experiment
1551897525,silver-116-1235f3de499b-67556f94d-sjtpf,3461.0,116,1551894062,silver-116-1235f3de499b-67556f94d-sjtpf,silver,90,99.94224660698816,experiment
1551897525,bronze-173-ad0911707769-db55f7964-wkkdk,41.0,173,1551894043,bronze-173-ad0911707769-db55f7964-9kmhj,bronze,50,1.1774842044801839,experiment
1551897525,gold-19-c7248fea9c5b-b8fd7979-wlb99,3456.0,19,1551894066,gold-19-c7248fea9c5b-b8fd7979-wlb99,gold,100,99.91326973113617,experiment
1551897525,silver-150-3ba5b4dd77fb-5f7794b4d-5mlnw,3439.0,150,1551894083,silver-150-3ba5b4dd77fb-5f7794b4d-5mlnw,silver,90,99.91284137129576,experiment
1551897525,silver-112-3ea817c55bbf-594bd8d974-kwn4z,3445.0,112,1551894078,silver-112-3ea817c55bbf-594bd8d974-kwn4z,silver,90,99.94197853205686,experiment
1551897526,bronze-217-56dcad26c78e-659d555d9b-4jc5b,38.0,217,1551894091,bronze-217-56dcad26c78e-659d555d9b-4jc5b,bronze,50,1.106259097525473,experiment
1551897526,gold-53-bc148160028a-7564fc5577-xxccb,3407.0,53,1551894116,gold-53-bc148160028a-7564fc5577-xxccb,gold,100,99.91202346041057,experiment
1551897526,bronze-222-fa59e1532de1-cdc484588-vz5jh,44.0,222,1551894113,bronze-222-fa59e1532de1-cdc484588-vz5jh,bronze,50,1.2891883973044242,experiment
1551897526,gold-56-e9ca7a34610b-85ddd446c9-h6rq8,3454.0,56,1551894069,gold-56-e9ca7a34610b-85ddd446c9-h6rq8,gold,100,99.91321955452705,experiment
1551897526,bronze-240-bba7190b1a66-cdcdc5cd8-lj486,40.0,240,1551894048,bronze-240-bba7190b1a66-cdcdc5cd8-xjklb,bronze,50,1.1500862564692353,experiment
1551897526,bronze-207-31e2e79f63f1-67f8897c7b-2x4s9,33.0,207,1551894087,bronze-207-31e2e79f63f1-67f8897c7b-2x4s9,bronze,50,0.959581273626054,experiment
1551897526,gold-54-3015a5b1c1f4-6b4cdd5875-gfgpk,3422.0,54,1551894102,gold-54-3015a5b1c1f4-6b4cdd5875-gfgpk,gold,100,99.94158878504673,experiment
1551897527,bronze-196-8ab944cd8359-84d7568d48-mch5d,40.0,196,1551894049,bronze-196-8ab944cd8359-84d7568d48-ljftd,bronze,50,1.1500862564692353,experiment
1551897527,gold-10-8922bb3b1f7c-5fcb7785b9-d9bnb,3437.0,10,1551894088,gold-10-8922bb3b1f7c-5fcb7785b9-d9bnb,gold,100,99.94184355917419,experiment
1551897527,gold-33-49069a0be315-9bf556c9-n92kd,3426.0,33,1551894099,gold-33-49069a0be315-9bf556c9-n92kd,gold,100,99.94165694282381,experiment
1551897527,silver-90-1bd03c689307-9db4ffb9b-859m8,3417.0,90,1551894108,silver-90-1bd03c689307-9db4ffb9b-859m8,silver,90,99.94150336355659,experiment
1551897528,gold-1-9313e62edd8a-5d545c7c45-fp2vt,3463.0,1,1551894063,gold-1-9313e62edd8a-5d545c7c45-fp2vt,gold,100,99.94227994227994,experiment
1551897528,bronze-206-0777e7b9b854-c6845446d-bjtt4,48.0,206,1551894097,bronze-206-0777e7b9b854-c6845446d-bjtt4,bronze,50,1.3990090352666862,experiment
1551897528,gold-68-071f79dbfb07-574b87475f-xfg7f,3434.0,68,1551894092,gold-68-071f79dbfb07-574b87475f-xfg7f,gold,100,99.941792782305,experiment
1551897528,gold-71-114cd12acc03-7df7b97dbf-7tznb,3474.0,71,1551894052,gold-71-114cd12acc03-7df7b97dbf-7tznb,gold,100,99.94246260069045,experiment
1551897528,bronze-183-22b8bfe67e2e-588496d6dd-fbnjt,50.0,183,1551894059,bronze-183-22b8bfe67e2e-588496d6dd-kjnjb,bronze,50,1.4413375612568464,experiment
1551897528,bronze-223-41771f0d0747-8cfb76b4-5rfzc,52.0,223,1551894115,bronze-223-41771f0d0747-8cfb76b4-5rfzc,bronze,50,1.5235862877234103,experiment
1551897529,silver-148-aaddececd40b-996fb9756-9xtw6,3431.0,148,1551894096,silver-148-aaddececd40b-996fb9756-9xtw6,silver,90,99.94174191669094,experiment
1551897529,silver-154-efde74f65b58-5765ff4dd8-kwcj9,3422.0,154,1551894105,silver-154-efde74f65b58-5765ff4dd8-kwcj9,silver,90,99.94158878504673,experiment
1551897529,gold-14-3be2a3eabb70-f6f6d678f-sq6rg,3433.0,14,1551894094,gold-14-3be2a3eabb70-f6f6d678f-sq6rg,gold,100,99.94177583697234,experiment
1551897529,bronze-171-6d19b4cce2c9-7866d9884d-xqxbb,46.0,171,1551894114,bronze-171-6d19b4cce2c9-7866d9884d-xqxbb,bronze,50,1.3469985358711567,experiment
1551897529,gold-66-daab20239d0e-77957fc78c-g5nzq,3424.0,66,1551894103,gold-66-daab20239d0e-77957fc78c-g5nzq,gold,100,99.94162288382954,experiment
1551897530,bronze-219-344b7b97afa2-744cb665d4-lr9j2,3411.0,219,1551894081,bronze-219-344b7b97afa2-744cb665d4-lr9j2,bronze,50,98.89823137141201,experiment
1551897530,silver-138-455c5b718add-6cf9b6576-89vgt,3430.0,138,1551894098,silver-138-455c5b718add-6cf9b6576-89vgt,silver,90,99.94172494172494,experiment
1551897530,silver-119-6ff13d1c7bbc-57c65f587b-psjn9,3456.0,119,1551894070,silver-119-6ff13d1c7bbc-57c65f587b-psjn9,silver,90,99.88439306358381,experiment
1551897530,gold-29-0b498f2949cc-78c5875fb5-pt49l,3451.0,29,1551894077,gold-29-0b498f2949cc-78c5875fb5-pt49l,gold,100,99.94207935128874,experiment
1551897530,bronze-216-81bc97d94dc3-7bd6b9797b-z7pwz,52.0,216,1551894110,bronze-216-81bc97d94dc3-7bd6b9797b-z7pwz,bronze,50,1.5204678362573099,experiment
1551897531,bronze-229-f898a6c7abeb-6d548dff6-9flhk,46.0,229,1551894121,bronze-229-f898a6c7abeb-6d548dff6-9flhk,bronze,50,1.3489736070381233,experiment
1551897531,silver-146-9b481296106b-5767c57d4-8lzpk,3410.0,146,1551894119,silver-146-9b481296106b-5767c57d4-8lzpk,silver,90,99.94138335287221,experiment
1551897531,silver-120-0c774e12cb94-767dc49f4b-vjzdm,3405.0,120,1551894124,silver-120-0c774e12cb94-767dc49f4b-vjzdm,silver,90,99.94129732902847,experiment
1551897531,gold-31-09120a7d0729-d6c9c587c-h4wxz,3433.0,31,1551894095,gold-31-09120a7d0729-d6c9c587c-h4wxz,gold,100,99.91268917345751,experiment
1551897531,gold-52-6e829854bc35-b4cbbdc9f-tzbvt,3409.0,52,1551894120,gold-52-6e829854bc35-b4cbbdc9f-tzbvt,gold,100,99.9413661682791,experiment
1551897531,gold-62-fa64d7dd8ca7-6555bc4f95-zrg4t,3443.0,62,1551894085,gold-62-fa64d7dd8ca7-6555bc4f95-zrg4t,gold,100,99.91294254207777,experiment
1551897531,bronze-255-9224195f9868-7f88b9c996-c77dw,44.0,255,1551894100,bronze-255-9224195f9868-7f88b9c996-c77dw,bronze,50,1.2824249489944624,experiment
1551897532,gold-20-6e13401d5b46-567cc77899-tqckf,3429.0,20,1551894101,gold-20-6e13401d5b46-567cc77899-tqckf,gold,100,99.9417079568639,experiment
1551897532,silver-143-9cb0ba9b827a-7b96dc4f8b-c2bh8,3418.0,143,1551894112,silver-143-9cb0ba9b827a-7b96dc4f8b-c2bh8,silver,90,99.94152046783626,experiment
1551897532,bronze-254-b0eba0a7e5e9-65d954b576-wnqhf,51.0,254,1551894079,bronze-254-b0eba0a7e5e9-65d954b576-wnqhf,bronze,50,1.4769765421372718,experiment
