terminationTime,TastId,Runtime,startTime,MEM,CPU,class_name,slo_value,availability,scenario
3600,3,3394,205.0,375,375,gold,100.0,99.97054491899851,simulation
3600,4,3519,80.0,375,375,gold,100.0,99.97159090909092,simulation
3600,29,3391,208.0,375,375,gold,100.0,99.97051886792451,simulation
3600,44,3407,192.0,375,375,gold,100.0,99.9706572769953,simulation
3600,56,3399,200.0,375,375,gold,100.0,99.97058823529412,simulation
3600,86,3578,21.0,375,375,silver,90.0,99.97205923442304,simulation
3600,97,3594,5.0,375,375,silver,90.0,99.97218358831712,simulation
3600,99,3491,108.0,375,375,silver,90.0,99.971363115693,simulation
3600,100,3430,169.0,375,375,silver,90.0,99.97085397843193,simulation
3600,137,3547,52.0,375,375,silver,90.0,99.9718151071026,simulation
3600,25,3452,147.0,375,375,gold,100.0,99.97103967564436,simulation
3600,35,3527,72.0,375,375,gold,100.0,99.97165532879818,simulation
3600,69,3474,125.0,375,375,gold,100.0,99.97122302158272,simulation
3600,71,3416,183.0,375,375,gold,100.0,99.97073456248172,simulation
3600,77,3585,14.0,375,375,gold,100.0,99.97211377579475,simulation
3600,82,3395,204.0,375,375,silver,90.0,99.97055359246173,simulation
3600,90,3360,239.0,375,375,silver,90.0,99.9702469503124,simulation
3600,103,3559,40.0,375,375,silver,90.0,99.97191011235957,simulation
3600,110,3569,30.0,375,375,silver,90.0,99.9719887955182,simulation
3600,118,3508,91.0,375,375,silver,90.0,99.97150185237959,simulation
3600,7,3410,189.0,375,375,gold,100.0,99.97068308413955,simulation
3600,9,3586,13.0,375,375,gold,100.0,99.9721215500418,simulation
3600,10,3380,219.0,375,375,gold,100.0,99.9704229517894,simulation
3600,34,3548,51.0,375,375,gold,100.0,99.97182304874612,simulation
3600,57,3518,81.0,375,375,gold,100.0,99.97158283603295,simulation
3600,81,3531,68.0,375,375,silver,90.0,99.97168742921856,simulation
3600,108,3579,20.0,375,375,silver,90.0,99.97206703910616,simulation
3600,132,3423,176.0,375,375,silver,90.0,99.97079439252336,simulation
3600,146,3349,250.0,375,375,silver,90.0,99.97014925373135,simulation
3600,225,3486,113.0,375,375,bronze,50.0,99.97132205334098,simulation
3600,14,3374,225.0,375,375,gold,100.0,99.97037037037036,simulation
3600,54,3366,233.0,375,375,gold,100.0,99.97029997029996,simulation
3600,65,3517,82.0,375,375,gold,100.0,99.97157475838544,simulation
3600,79,3596,3.0,375,375,gold,100.0,99.97219905476786,simulation
3600,105,3571,28.0,375,375,silver,90.0,99.97200447928331,simulation
3600,129,3453,146.0,375,375,silver,90.0,99.97104806022004,simulation
3600,139,3480,119.0,375,375,silver,90.0,99.97127262280954,simulation
3600,211,3526,73.0,375,375,bronze,50.0,99.9716472923164,simulation
3600,213,3476,123.0,375,375,bronze,50.0,99.9712395743457,simulation
3600,241,3541,58.0,375,375,bronze,50.0,99.97176736307172,simulation
3600,5,3439,160.0,375,375,gold,100.0,99.97093023255815,simulation
3600,6,3388,211.0,375,375,gold,100.0,99.97049277072882,simulation
3600,15,3533,66.0,375,375,gold,100.0,99.97170345217884,simulation
3600,23,3592,7.0,375,375,gold,100.0,99.97216810464792,simulation
3600,58,3503,96.0,375,375,gold,100.0,99.97146118721462,simulation
3600,114,3567,32.0,375,375,silver,90.0,99.9719730941704,simulation
3600,116,3406,193.0,375,375,silver,90.0,99.97064866451424,simulation
3600,152,3471,128.0,375,375,silver,90.0,99.97119815668204,simulation
3600,198,3499,100.0,375,375,bronze,50.0,99.97142857142856,simulation
3600,228,3554,45.0,375,375,bronze,50.0,99.971870604782,simulation
3600,41,3500,99.0,375,375,gold,100.0,99.97143673236218,simulation
3600,74,3544,55.0,375,375,gold,100.0,99.97179125528915,simulation
3600,76,3426,173.0,375,375,gold,100.0,99.97081995914795,simulation
3600,91,3528,71.0,375,375,silver,90.0,99.97166336072542,simulation
3600,92,3403,196.0,375,375,silver,90.0,99.97062279670976,simulation
3600,107,3450,149.0,375,375,silver,90.0,99.97102289191538,simulation
3600,165,3475,124.0,375,375,bronze,50.0,99.97123130034522,simulation
3600,184,3597,2.0,375,375,bronze,50.0,99.97220678154531,simulation
3600,202,3562,37.0,375,375,bronze,50.0,99.97193376368227,simulation
3600,204,3496,103.0,375,375,bronze,50.0,99.9714040606234,simulation
3600,12,3441,158.0,375,375,gold,100.0,99.97094712376524,simulation
3600,30,3555,44.0,375,375,gold,100.0,99.9718785151856,simulation
3600,88,3413,186.0,375,375,silver,90.0,99.97070884592853,simulation
3600,135,3565,34.0,375,375,silver,90.0,99.97195737521032,simulation
3600,153,3502,97.0,375,375,silver,90.0,99.9714530402512,simulation
3600,161,3470,129.0,375,375,bronze,50.0,99.97118985883033,simulation
3600,189,3590,9.0,375,375,bronze,50.0,99.97215260373156,simulation
3600,192,3482,117.0,375,375,bronze,50.0,99.97128911857595,simulation
3600,209,3532,67.0,375,375,bronze,50.0,99.97169544296632,simulation
3600,252,3435,164.0,375,375,bronze,50.0,99.97089639115252,simulation
3600,11,3487,112.0,375,375,gold,100.0,99.97133027522936,simulation
3600,39,3515,84.0,375,375,gold,100.0,99.97155858930604,simulation
3600,50,3593,6.0,375,375,gold,100.0,99.9721758486366,simulation
3600,67,3551,48.0,375,375,gold,100.0,99.97184684684683,simulation
3600,70,3523,76.0,375,375,gold,100.0,99.97162315550511,simulation
3600,130,3364,235.0,375,375,silver,90.0,99.9702823179792,simulation
3600,148,3372,227.0,375,375,silver,90.0,99.97035280166024,simulation
3600,199,3574,25.0,375,375,bronze,50.0,99.97202797202797,simulation
3600,237,3455,144.0,375,375,bronze,50.0,99.97106481481481,simulation
3600,249,3467,132.0,375,375,bronze,50.0,99.97116493656286,simulation
3600,27,3553,46.0,375,375,gold,100.0,99.97186268992684,simulation
3600,28,3588,11.0,375,375,gold,100.0,99.97213708553916,simulation
3600,47,3524,75.0,375,375,gold,100.0,99.97163120567376,simulation
3600,96,3427,172.0,375,375,silver,90.0,99.97082847141189,simulation
3600,104,3511,88.0,375,375,silver,90.0,99.97152619589976,simulation
3600,151,3495,104.0,375,375,silver,90.0,99.97139588100687,simulation
3600,162,3451,148.0,375,375,bronze,50.0,99.97103128621087,simulation
3600,169,3417,182.0,375,375,bronze,50.0,99.97074312463428,simulation
3600,190,3568,31.0,375,375,bronze,50.0,99.971980947044,simulation
3600,232,3465,134.0,375,375,bronze,50.0,99.97114829774955,simulation
3600,20,3367,232.0,375,375,gold,100.0,99.97030878859856,simulation
3600,24,3512,87.0,375,375,gold,100.0,99.9715343011671,simulation
3600,75,3411,188.0,375,375,gold,100.0,99.97069167643612,simulation
3600,98,3481,118.0,375,375,silver,90.0,99.97128087306146,simulation
3600,119,3398,201.0,375,375,silver,90.0,99.97057958223007,simulation
3600,124,3457,142.0,375,375,silver,90.0,99.97108155002891,simulation
3600,127,3421,178.0,375,375,silver,90.0,99.9707773232028,simulation
3600,145,3479,120.0,375,375,silver,90.0,99.97126436781608,simulation
3600,149,3558,41.0,375,375,silver,90.0,99.97190221972464,simulation
3600,158,3573,26.0,375,375,silver,90.0,99.97202014549525,simulation
3600,19,3402,197.0,375,375,gold,100.0,99.97061416397295,simulation
3600,53,3352,247.0,375,375,gold,100.0,99.97017596182523,simulation
3600,55,3469,130.0,375,375,gold,100.0,99.97118155619596,simulation
3600,73,3442,157.0,375,375,gold,100.0,99.97095556200988,simulation
3600,123,3556,43.0,375,375,silver,90.0,99.97188642114139,simulation
3600,141,3522,77.0,375,375,silver,90.0,99.9716151007664,simulation
3600,155,3429,170.0,375,375,silver,90.0,99.97084548104957,simulation
3600,197,3576,23.0,375,375,bronze,50.0,99.97204361196532,simulation
3600,218,3505,94.0,375,375,bronze,50.0,99.97147746719908,simulation
3600,251,3599,0.0,375,375,,,99.97222222222221,simulation
3600,36,3459,140.0,375,375,gold,100.0,99.97109826589596,simulation
3600,61,3438,161.0,375,375,gold,100.0,99.97092177958709,simulation
3600,72,3536,63.0,375,375,gold,100.0,99.97172745264348,simulation
3600,87,3516,83.0,375,375,silver,90.0,99.97156667614445,simulation
3600,101,3498,101.0,375,375,silver,90.0,99.97142040583023,simulation
3600,136,3464,135.0,375,375,silver,90.0,99.97113997113996,simulation
3600,138,3370,229.0,375,375,silver,90.0,99.97033521210325,simulation
3600,210,3545,54.0,375,375,bronze,50.0,99.97179921037788,simulation
3600,214,3563,36.0,375,375,bronze,50.0,99.97194163860831,simulation
3600,245,3587,12.0,375,375,bronze,50.0,99.9721293199554,simulation
3600,8,3507,92.0,375,375,gold,100.0,99.9714937286203,simulation
3600,26,3591,8.0,375,375,gold,100.0,99.97216035634744,simulation
3600,42,3412,187.0,375,375,gold,100.0,99.97070026369764,simulation
3600,46,3497,102.0,375,375,gold,100.0,99.97141223556318,simulation
3600,63,3566,33.0,375,375,gold,100.0,99.97196523689375,simulation
3600,64,3540,59.0,375,375,gold,100.0,99.97175939000283,simulation
3600,121,3539,60.0,375,375,silver,90.0,99.97175141242937,simulation
3600,134,3434,165.0,375,375,silver,90.0,99.97088791848616,simulation
3600,193,3446,153.0,375,375,bronze,50.0,99.97098926602844,simulation
3600,238,3460,139.0,375,375,bronze,50.0,99.9711066165848,simulation
3600,1,3405,194.0,375,375,gold,100.0,99.97064004697592,simulation
3600,17,3520,79.0,375,375,gold,100.0,99.9715989775632,simulation
3600,31,3373,226.0,375,375,gold,100.0,99.97036158861884,simulation
3600,33,3369,230.0,375,375,gold,100.0,99.97032640949556,simulation
3600,62,3383,216.0,375,375,gold,100.0,99.97044917257683,simulation
3600,66,3365,234.0,375,375,gold,100.0,99.97029114676174,simulation
3600,78,3444,155.0,375,375,gold,100.0,99.97097242380262,simulation
3600,93,3504,95.0,375,375,silver,90.0,99.97146932952924,simulation
3600,159,3485,114.0,375,375,silver,90.0,99.97131382673552,simulation
3600,160,3466,133.0,375,375,silver,90.0,99.9711566195558,simulation
3600,16,3510,89.0,375,375,gold,100.0,99.97151808601538,simulation
3600,21,3575,24.0,375,375,gold,100.0,99.97203579418344,simulation
3600,32,3483,116.0,375,375,gold,100.0,99.97129735935705,simulation
3600,38,3362,237.0,375,375,gold,100.0,99.97026464466249,simulation
3600,43,3462,137.0,375,375,gold,100.0,99.97112330349408,simulation
3600,48,3454,145.0,375,375,gold,100.0,99.97105643994212,simulation
3600,52,3348,251.0,375,375,gold,100.0,99.97014034040012,simulation
3600,84,3538,61.0,375,375,silver,90.0,99.97174343034756,simulation
3600,106,3401,198.0,375,375,silver,90.0,99.97060552616108,simulation
3600,112,3390,209.0,375,375,silver,90.0,99.97051017398995,simulation
3600,2,3598,1.0,375,375,gold,100.0,99.9722145040289,simulation
3600,22,3433,166.0,375,375,gold,100.0,99.97087944088527,simulation
3600,51,3543,56.0,375,375,gold,100.0,99.97178329571106,simulation
3600,59,3570,29.0,375,375,gold,100.0,99.97199663959677,simulation
3600,95,3456,143.0,375,375,silver,90.0,99.97107318484237,simulation
3600,109,3472,127.0,375,375,silver,90.0,99.97120644975526,simulation
3600,126,3484,115.0,375,375,silver,90.0,99.9713055954089,simulation
3600,142,3521,78.0,375,375,silver,90.0,99.97160704145372,simulation
3600,143,3356,243.0,375,375,silver,90.0,99.97021149836164,simulation
3600,144,3501,98.0,375,375,silver,90.0,99.97144488863506,simulation
3600,13,3440,159.0,375,375,gold,100.0,99.9709386806161,simulation
3600,37,3577,22.0,375,375,gold,100.0,99.97205142537732,simulation
3600,40,3583,16.0,375,375,gold,100.0,99.97209821428572,simulation
3600,80,3537,62.0,375,375,gold,100.0,99.97173544375352,simulation
3600,115,3489,110.0,375,375,silver,90.0,99.97134670487105,simulation
3600,122,3361,238.0,375,375,silver,90.0,99.97025580011898,simulation
3600,125,3396,203.0,375,375,silver,90.0,99.97056226081837,simulation
3600,133,3468,131.0,375,375,silver,90.0,99.97117324877486,simulation
3600,163,3557,42.0,375,375,bronze,50.0,99.97189432265317,simulation
3600,194,3513,86.0,375,375,bronze,50.0,99.97154240182128,simulation
3600,68,3376,223.0,375,375,gold,100.0,99.97038791827065,simulation
3600,94,3418,181.0,375,375,silver,90.0,99.9707516817783,simulation
3600,120,3344,255.0,375,375,silver,90.0,99.97010463378176,simulation
3600,131,3473,126.0,375,375,silver,90.0,99.97121473805412,simulation
3600,140,3542,57.0,375,375,silver,90.0,99.97177533163986,simulation
3600,147,3560,39.0,375,375,silver,90.0,99.97191800056164,simulation
3600,166,3529,70.0,375,375,bronze,50.0,99.97167138810198,simulation
3600,188,3581,18.0,375,375,bronze,50.0,99.97208263539922,simulation
3600,235,3490,109.0,375,375,bronze,50.0,99.97135491263248,simulation
3600,248,3506,93.0,375,375,bronze,50.0,99.97148560022812,simulation
3600,18,3422,177.0,375,375,gold,100.0,99.9707858603564,simulation
3600,45,3488,111.0,375,375,gold,100.0,99.9713384924047,simulation
3600,49,3552,47.0,375,375,gold,100.0,99.97185477061637,simulation
3600,60,3415,184.0,375,375,gold,100.0,99.97072599531616,simulation
3600,89,3393,206.0,375,375,silver,90.0,99.97053624042428,simulation
3600,117,3572,27.0,375,375,silver,90.0,99.97201231458158,simulation
3600,128,3514,85.0,375,375,silver,90.0,99.97155049786628,simulation
3600,150,3385,214.0,375,375,silver,90.0,99.97046662728884,simulation
3600,168,3534,65.0,375,375,bronze,50.0,99.97171145685996,simulation
3600,175,3595,4.0,375,375,bronze,50.0,99.97219132369301,simulation
3600,83,3458,141.0,375,375,silver,90.0,99.97108991037872,simulation
3600,85,3525,74.0,375,375,silver,90.0,99.97163925127624,simulation
3600,102,3546,53.0,375,375,silver,90.0,99.97180716098111,simulation
3600,111,3461,138.0,375,375,silver,90.0,99.97111496244943,simulation
3600,113,3346,253.0,375,375,silver,90.0,99.97012249775918,simulation
3600,154,3363,236.0,375,375,silver,90.0,99.97027348394768,simulation
3600,156,3493,106.0,375,375,silver,90.0,99.97137950772752,simulation
3600,157,3509,90.0,375,375,silver,90.0,99.97150997150997,simulation
3600,170,3582,17.0,375,375,bronze,50.0,99.97209042701648,simulation
3600,201,3564,35.0,375,375,bronze,50.0,99.9719495091164,simulation
3600,200,0,254.0,375,375,bronze,50.0,0.0,simulation
3600,179,224,10.0,375,375,bronze,50.0,6.23955431754874,simulation
3600,212,217,15.0,375,375,bronze,50.0,6.05299860529986,simulation
3600,174,232,19.0,375,375,bronze,50.0,6.478637252164201,simulation
3600,230,192,38.0,375,375,bronze,50.0,5.390230207748449,simulation
3600,208,188,49.0,375,375,bronze,50.0,5.29428330047873,simulation
3600,177,176,50.0,375,375,bronze,50.0,4.95774647887323,simulation
3600,243,144,64.0,375,375,bronze,50.0,4.07239819004524,simulation
3600,178,132,69.0,375,375,bronze,50.0,3.73831775700934,simulation
3600,236,134,105.0,375,375,bronze,50.0,3.8340486409155896,simulation
3600,221,140,107.0,375,375,bronze,50.0,4.00801603206412,simulation
3600,231,129,121.0,375,375,bronze,50.0,3.70796205806266,simulation
3600,226,92,122.0,375,375,bronze,50.0,2.64519838987924,simulation
3600,167,69,136.0,375,375,bronze,50.0,1.9919168591224001,simulation
3600,203,50,150.0,375,375,bronze,50.0,1.4492753623188401,simulation
3600,242,55,151.0,375,375,bronze,50.0,1.59466512032473,simulation
3600,187,59,152.0,375,375,bronze,50.0,1.7111368909512699,simulation
3600,244,101,154.0,375,375,bronze,50.0,2.93093441671503,simulation
3600,233,63,156.0,375,375,bronze,50.0,1.82926829268292,simulation
3600,181,71,162.0,375,375,bronze,50.0,2.06515415939499,simulation
3600,186,72,163.0,375,375,bronze,50.0,2.0948501600232703,simulation
3600,250,49,167.0,375,375,bronze,50.0,1.42732304107194,simulation
3600,239,85,168.0,375,375,bronze,50.0,2.4766899766899697,simulation
3600,172,52,171.0,375,375,bronze,50.0,1.5164771070282799,simulation
3600,173,35,174.0,375,375,bronze,50.0,1.02159953298307,simulation
3600,180,29,175.0,375,375,bronze,50.0,0.84671532846715,simulation
3600,240,59,179.0,375,375,bronze,50.0,1.72464191756796,simulation
3600,196,47,180.0,375,375,bronze,50.0,1.3742690058479499,simulation
3600,176,44,185.0,375,375,bronze,50.0,1.28843338213762,simulation
3600,183,53,190.0,375,375,bronze,50.0,1.5542521994134801,simulation
3600,246,45,191.0,375,375,bronze,50.0,1.32003520093869,simulation
3600,215,30,195.0,375,375,bronze,50.0,0.8810572687224599,simulation
3600,256,4,199.0,375,375,bronze,50.0,0.11761246692149001,simulation
3600,220,0,202.0,375,375,bronze,50.0,0.0,simulation
3600,195,0,207.0,375,375,bronze,50.0,0.0,simulation
3600,254,0,210.0,375,375,bronze,50.0,0.0,simulation
3600,219,0,212.0,375,375,bronze,50.0,0.0,simulation
3600,164,0,213.0,375,375,bronze,50.0,0.0,simulation
3600,224,0,215.0,375,375,bronze,50.0,0.0,simulation
3600,253,0,217.0,375,375,bronze,50.0,0.0,simulation
3600,207,0,218.0,375,375,bronze,50.0,0.0,simulation
3600,182,0,220.0,375,375,bronze,50.0,0.0,simulation
3600,191,0,221.0,375,375,bronze,50.0,0.0,simulation
3600,217,0,222.0,375,375,bronze,50.0,0.0,simulation
3600,247,0,224.0,375,375,bronze,50.0,0.0,simulation
3600,206,0,228.0,375,375,bronze,50.0,0.0,simulation
3600,255,0,231.0,375,375,bronze,50.0,0.0,simulation
3600,227,0,240.0,375,375,bronze,50.0,0.0,simulation
3600,216,0,241.0,375,375,bronze,50.0,0.0,simulation
3600,185,0,242.0,375,375,bronze,50.0,0.0,simulation
3600,222,0,244.0,375,375,bronze,50.0,0.0,simulation
3600,171,0,245.0,375,375,bronze,50.0,0.0,simulation
3600,223,0,246.0,375,375,bronze,50.0,0.0,simulation
3600,205,0,248.0,375,375,bronze,50.0,0.0,simulation
3600,234,0,249.0,375,375,bronze,50.0,0.0,simulation
3600,229,0,252.0,375,375,bronze,50.0,0.0,simulation
3600,251,3599,1.0,375,375,bronze,50.0,100.0,simulation
