class_name,slo_value,availability,scenario
bronze,50.0,99.94432071269487,experiment
bronze,50.0,99.9444290080578,experiment
gold,100.0,99.94447529150472,experiment
bronze,50.0,99.94447529150472,experiment
gold,100.0,99.94439810953573,experiment
gold,100.0,99.94428969359332,experiment
gold,100.0,99.9438202247191,experiment
gold,100.0,99.94433620929584,experiment
gold,100.0,99.9444135630906,experiment
bronze,50.0,99.9438832772166,experiment
bronze,50.0,0.0,experiment
bronze,50.0,99.94436717663422,experiment
bronze,50.0,0.0,experiment
silver,90.0,99.94422755158952,experiment
gold,100.0,99.94367783722896,experiment
bronze,50.0,99.9443052074631,experiment
bronze,50.0,0.0290613193839,experiment
gold,100.0,99.91655076495132,experiment
gold,100.0,99.94424310008364,experiment
silver,90.0,99.94450610432852,experiment
gold,100.0,99.9438675273646,experiment
gold,100.0,99.94455225949542,experiment
bronze,50.0,99.94411846884604,experiment
bronze,50.0,0.0,experiment
bronze,50.0,94.4599888080582,experiment
bronze,50.0,0.0,experiment
silver,90.0,99.94419642857144,experiment
gold,100.0,99.944382647386,experiment
bronze,50.0,99.94435169727323,experiment
gold,100.0,99.94450610432852,experiment
bronze,50.0,0.2236511042773273,experiment
silver,90.0,99.94402462916317,experiment
gold,100.0,99.94419642857144,experiment
gold,100.0,99.9438990182328,experiment
bronze,50.0,99.94410285075462,experiment
silver,90.0,99.91532599491956,experiment
silver,90.0,99.94413407821229,experiment
bronze,50.0,0.1127713560755568,experiment
bronze,50.0,99.9443052074631,experiment
silver,90.0,99.9443052074631,experiment
bronze,50.0,99.9444135630906,experiment
silver,90.0,99.94439810953573,experiment
silver,90.0,99.9438990182328,experiment
bronze,50.0,99.943961894088,experiment
gold,100.0,99.91515837104072,experiment
silver,90.0,99.9442586399108,experiment
silver,90.0,99.94319795512638,experiment
silver,90.0,99.9440715883669,experiment
gold,100.0,99.94436717663422,experiment
silver,90.0,99.94432071269487,experiment
gold,100.0,99.94422755158952,experiment
silver,90.0,99.94332672145084,experiment
gold,100.0,99.94356659142213,experiment
gold,100.0,99.94331065759636,experiment
gold,100.0,99.9435984207558,experiment
gold,100.0,99.9439775910364,experiment
silver,90.0,99.94329458463284,experiment
silver,90.0,99.94414967886064,experiment
bronze,50.0,99.94284081166047,experiment
silver,90.0,99.9436302142052,experiment
silver,90.0,99.94428969359332,experiment
silver,90.0,99.9435984207558,experiment
silver,90.0,99.91596638655464,experiment
gold,100.0,99.91530208921512,experiment
gold,100.0,99.94350282485875,experiment
gold,100.0,99.943961894088,experiment
gold,100.0,99.94321408290745,experiment
silver,90.0,99.94323020153278,experiment
gold,100.0,99.94345490528696,experiment
bronze,50.0,0.0,experiment
bronze,50.0,0.0,experiment
silver,90.0,99.91582491582491,experiment
bronze,50.0,0.1142204454597373,experiment
silver,90.0,99.94347088750708,experiment
bronze,50.0,0.0847457627118644,experiment
bronze,50.0,99.9437570303712,experiment
silver,90.0,99.94351878000565,experiment
silver,90.0,99.91594284113197,experiment
gold,100.0,99.94413407821229,experiment
bronze,50.0,99.94340690435769,experiment
silver,90.0,99.91479693268955,experiment
silver,90.0,99.94334277620396,experiment
bronze,50.0,0.4193458205199888,experiment
silver,90.0,99.94428969359332,experiment
gold,100.0,99.94350282485875,experiment
gold,100.0,99.94334277620396,experiment
bronze,50.0,99.9437570303712,experiment
bronze,50.0,99.94342291371994,experiment
gold,100.0,99.94378864530636,experiment
bronze,50.0,0.2548853016142736,experiment
silver,90.0,99.94351878000565,experiment
gold,100.0,99.9439461883408,experiment
bronze,50.0,95.45454545454544,experiment
gold,100.0,99.94400895856664,experiment
gold,100.0,99.91513437057992,experiment
gold,100.0,99.94391475042065,experiment
bronze,50.0,99.94326241134752,experiment
silver,90.0,99.94295493439816,experiment
silver,90.0,99.94308480364256,experiment
gold,100.0,99.9439775910364,experiment
silver,90.0,99.94313335228888,experiment
silver,90.0,99.94323020153278,experiment
silver,90.0,99.94306860233418,experiment
silver,90.0,99.94332672145084,experiment
bronze,50.0,0.1678321678321678,experiment
bronze,50.0,99.94319795512638,experiment
bronze,50.0,0.1120448179271708,experiment
gold,100.0,99.94323020153278,experiment
gold,100.0,99.94314951677087,experiment
silver,90.0,99.91494187694924,experiment
silver,90.0,99.91554054054052,experiment
bronze,50.0,0.1421262080727686,experiment
bronze,50.0,99.94287346472436,experiment
silver,90.0,99.9439304737875,experiment
silver,90.0,99.9437728422828,experiment
bronze,50.0,99.91503823279524,experiment
bronze,50.0,0.8491367110104727,experiment
bronze,50.0,0.4177109440267335,experiment
bronze,50.0,0.1435132032146957,experiment
bronze,50.0,99.91598991879026,experiment
silver,90.0,99.91472427515636,experiment
gold,100.0,99.94308480364256,experiment
gold,100.0,99.91496598639456,experiment
bronze,50.0,99.94316567206592,experiment
bronze,50.0,99.91503823279524,experiment
silver,90.0,99.94306860233418,experiment
silver,90.0,99.9145055571388,experiment
bronze,50.0,99.9430037047592,experiment
silver,90.0,99.94295493439816,experiment
silver,90.0,99.91622451829096,experiment
silver,90.0,99.91494187694924,experiment
silver,90.0,99.9429874572406,experiment
gold,100.0,99.91438356164385,experiment
bronze,50.0,0.3173687247547605,experiment
silver,90.0,99.94306860233418,experiment
bronze,50.0,99.94293865905848,experiment
silver,90.0,99.94284081166047,experiment
silver,90.0,99.94290608050242,experiment
silver,90.0,99.94282447112636,experiment
gold,100.0,99.91457858769932,experiment
gold,100.0,99.9143346659052,experiment
bronze,50.0,0.9420496717099628,experiment
gold,100.0,99.94254524561909,experiment
gold,100.0,99.94277539341915,experiment
silver,90.0,99.94241289951051,experiment
bronze,50.0,99.94282447112636,experiment
silver,90.0,99.94241289951051,experiment
bronze,50.0,0.4626951995373047,experiment
silver,90.0,99.9423797176606,experiment
gold,100.0,99.94282447112636,experiment
silver,90.0,99.94282447112636,experiment
bronze,50.0,0.7017543859649122,experiment
bronze,50.0,0.5584950029394474,experiment
silver,90.0,99.94290608050242,experiment
bronze,50.0,0.6756756756756757,experiment
bronze,50.0,99.9138178684286,experiment
gold,100.0,99.94251221615409,experiment
bronze,50.0,99.91408934707904,experiment
bronze,50.0,99.94513031550068,experiment
gold,100.0,99.91587212563095,experiment
bronze,50.0,99.9146757679181,experiment
bronze,50.0,0.667828106852497,experiment
bronze,50.0,0.5591524426133019,experiment
bronze,50.0,0.6978772899098575,experiment
bronze,50.0,99.94269340974212,experiment
gold,100.0,99.94241289951051,experiment
bronze,50.0,99.94274262811336,experiment
bronze,50.0,99.9137683242311,experiment
gold,100.0,99.91404011461316,experiment
bronze,50.0,0.4890678941311853,experiment
bronze,50.0,0.4591104734576757,experiment
bronze,50.0,0.6285714285714286,experiment
bronze,50.0,0.6668599594085242,experiment
silver,90.0,99.94236311239192,experiment
silver,90.0,99.91291727140784,experiment
gold,100.0,99.94226327944573,experiment
silver,90.0,99.94207935128874,experiment
gold,100.0,99.943961894088,experiment
gold,100.0,99.94192799070848,experiment
gold,100.0,99.9426769848094,experiment
bronze,50.0,0.6126021003500584,experiment
silver,90.0,99.9138920780712,experiment
bronze,50.0,99.94285714285716,experiment
bronze,50.0,0.9145470134324092,experiment
silver,90.0,99.94234649754972,experiment
gold,100.0,99.91334488734836,experiment
silver,90.0,99.94287346472436,experiment
gold,100.0,99.94140052739525,experiment
gold,100.0,99.94242947610825,experiment
silver,90.0,99.94145199063232,experiment
gold,100.0,99.9141876430206,experiment
gold,100.0,99.94272623138602,experiment
silver,90.0,99.94197853205686,experiment
silver,90.0,99.94196169471851,experiment
gold,100.0,99.9418773612322,experiment
bronze,50.0,1.118119266055046,experiment
bronze,50.0,1.1347105033459413,experiment
gold,100.0,99.94227994227994,experiment
gold,100.0,99.94277539341915,experiment
bronze,50.0,1.235657546337158,experiment
silver,90.0,99.94231323911164,experiment
bronze,50.0,0.7221259387637204,experiment
bronze,50.0,0.8731082654249126,experiment
bronze,50.0,1.0755813953488371,experiment
silver,90.0,99.94212962962963,experiment
silver,90.0,99.94145199063232,experiment
bronze,50.0,1.0407632263660018,experiment
bronze,50.0,1.3215859030837005,experiment
gold,100.0,99.94224660698816,experiment
silver,90.0,99.94251221615409,experiment
bronze,50.0,1.0480349344978166,experiment
gold,100.0,99.94229659549912,experiment
bronze,50.0,99.94241289951051,experiment
silver,90.0,99.94121105232216,experiment
silver,90.0,99.94224660698816,experiment
bronze,50.0,1.177484204480184,experiment
gold,100.0,99.91326973113615,experiment
silver,90.0,99.91284137129576,experiment
silver,90.0,99.94197853205686,experiment
bronze,50.0,1.106259097525473,experiment
gold,100.0,99.91202346041057,experiment
bronze,50.0,1.2891883973044242,experiment
gold,100.0,99.91321955452705,experiment
bronze,50.0,1.1500862564692351,experiment
bronze,50.0,0.959581273626054,experiment
gold,100.0,99.94158878504672,experiment
bronze,50.0,1.1500862564692351,experiment
gold,100.0,99.9418435591742,experiment
gold,100.0,99.9416569428238,experiment
silver,90.0,99.9415033635566,experiment
gold,100.0,99.94227994227994,experiment
bronze,50.0,1.3990090352666862,experiment
gold,100.0,99.941792782305,experiment
gold,100.0,99.94246260069043,experiment
bronze,50.0,1.4413375612568464,experiment
bronze,50.0,1.5235862877234103,experiment
silver,90.0,99.94174191669094,experiment
silver,90.0,99.94158878504672,experiment
gold,100.0,99.94177583697234,experiment
bronze,50.0,1.3469985358711567,experiment
gold,100.0,99.94162288382954,experiment
bronze,50.0,98.898231371412,experiment
silver,90.0,99.94172494172494,experiment
silver,90.0,99.8843930635838,experiment
gold,100.0,99.94207935128874,experiment
bronze,50.0,1.52046783625731,experiment
bronze,50.0,1.3489736070381233,experiment
silver,90.0,99.9413833528722,experiment
silver,90.0,99.94129732902849,experiment
gold,100.0,99.91268917345752,experiment
gold,100.0,99.9413661682791,experiment
gold,100.0,99.91294254207776,experiment
bronze,50.0,1.2824249489944624,experiment
gold,100.0,99.9417079568639,experiment
silver,90.0,99.94152046783626,experiment
bronze,50.0,1.4769765421372718,experiment
bronze,50.0,100.0,emulation
bronze,50.0,100.0,emulation
bronze,50.0,100.0,emulation
bronze,50.0,100.0,emulation
bronze,50.0,100.0,emulation
bronze,50.0,100.0,emulation
bronze,50.0,100.0,emulation
bronze,50.0,100.0,emulation
bronze,50.0,100.0,emulation
bronze,50.0,100.0,emulation
bronze,50.0,100.0,emulation
bronze,50.0,100.0,emulation
bronze,50.0,100.0,emulation
bronze,50.0,100.0,emulation
bronze,50.0,100.0,emulation
bronze,50.0,100.0,emulation
bronze,50.0,100.0,emulation
bronze,50.0,100.0,emulation
bronze,50.0,100.0,emulation
bronze,50.0,100.0,emulation
bronze,50.0,100.0,emulation
bronze,50.0,100.0,emulation
bronze,50.0,100.0,emulation
bronze,50.0,100.0,emulation
bronze,50.0,100.0,emulation
bronze,50.0,100.0,emulation
bronze,50.0,100.0,emulation
bronze,50.0,100.0,emulation
bronze,50.0,100.0,emulation
bronze,50.0,100.0,emulation
bronze,50.0,100.0,emulation
bronze,50.0,100.0,emulation
bronze,50.0,100.0,emulation
bronze,50.0,100.0,emulation
bronze,50.0,100.0,emulation
bronze,50.0,7.681564245810056,emulation
bronze,50.0,7.681564245810056,emulation
bronze,50.0,7.681564245810056,emulation
bronze,50.0,7.681564245810056,emulation
bronze,50.0,7.681564245810056,emulation
bronze,50.0,7.681564245810056,emulation
bronze,50.0,7.681564245810056,emulation
bronze,50.0,7.681564245810056,emulation
bronze,50.0,7.681564245810056,emulation
bronze,50.0,100.0,emulation
bronze,50.0,7.681564245810056,emulation
bronze,50.0,7.681564245810056,emulation
bronze,50.0,6.843575418994413,emulation
bronze,50.0,6.843575418994413,emulation
bronze,50.0,6.843575418994413,emulation
bronze,50.0,6.843575418994413,emulation
bronze,50.0,6.843575418994413,emulation
bronze,50.0,6.843575418994413,emulation
bronze,50.0,6.843575418994413,emulation
bronze,50.0,6.843575418994413,emulation
bronze,50.0,100.0,emulation
bronze,50.0,6.843575418994413,emulation
bronze,50.0,6.843575418994413,emulation
bronze,50.0,6.843575418994413,emulation
bronze,50.0,6.843575418994413,emulation
bronze,50.0,6.843575418994413,emulation
bronze,50.0,6.005586592178771,emulation
bronze,50.0,6.005586592178771,emulation
bronze,50.0,6.005586592178771,emulation
bronze,50.0,6.005586592178771,emulation
bronze,50.0,6.005586592178771,emulation
bronze,50.0,100.0,emulation
bronze,50.0,6.005586592178771,emulation
bronze,50.0,6.005586592178771,emulation
bronze,50.0,0.0,emulation
bronze,50.0,0.0,emulation
bronze,50.0,0.0,emulation
bronze,50.0,0.0,emulation
bronze,50.0,0.0,emulation
bronze,50.0,0.0,emulation
bronze,50.0,0.0,emulation
bronze,50.0,0.0,emulation
bronze,50.0,100.0,emulation
bronze,50.0,0.0,emulation
bronze,50.0,0.0,emulation
bronze,50.0,0.0,emulation
bronze,50.0,0.0,emulation
bronze,50.0,0.0,emulation
bronze,50.0,0.0,emulation
bronze,50.0,0.0,emulation
bronze,50.0,0.0,emulation
bronze,50.0,0.0,emulation
bronze,50.0,0.0,emulation
bronze,50.0,100.0,emulation
bronze,50.0,0.0,emulation
bronze,50.0,0.0,emulation
bronze,50.0,0.0,emulation
bronze,50.0,0.0,emulation
bronze,50.0,0.0,emulation
bronze,50.0,0.0,emulation
bronze,50.0,0.0,emulation
gold,100.0,100.0,emulation
gold,100.0,100.0,emulation
gold,100.0,100.0,emulation
gold,100.0,100.0,emulation
gold,100.0,100.0,emulation
gold,100.0,100.0,emulation
gold,100.0,100.0,emulation
gold,100.0,100.0,emulation
gold,100.0,100.0,emulation
gold,100.0,100.0,emulation
gold,100.0,100.0,emulation
gold,100.0,100.0,emulation
gold,100.0,100.0,emulation
gold,100.0,100.0,emulation
gold,100.0,100.0,emulation
gold,100.0,100.0,emulation
gold,100.0,100.0,emulation
gold,100.0,100.0,emulation
gold,100.0,100.0,emulation
gold,100.0,100.0,emulation
gold,100.0,100.0,emulation
gold,100.0,100.0,emulation
gold,100.0,100.0,emulation
gold,100.0,100.0,emulation
gold,100.0,100.0,emulation
gold,100.0,100.0,emulation
gold,100.0,100.0,emulation
gold,100.0,100.0,emulation
gold,100.0,100.0,emulation
gold,100.0,100.0,emulation
gold,100.0,100.0,emulation
gold,100.0,100.0,emulation
gold,100.0,100.0,emulation
gold,100.0,100.0,emulation
gold,100.0,100.0,emulation
gold,100.0,100.0,emulation
gold,100.0,100.0,emulation
gold,100.0,100.0,emulation
gold,100.0,100.0,emulation
gold,100.0,100.0,emulation
gold,100.0,100.0,emulation
gold,100.0,100.0,emulation
gold,100.0,100.0,emulation
gold,100.0,100.0,emulation
gold,100.0,100.0,emulation
gold,100.0,100.0,emulation
gold,100.0,100.0,emulation
gold,100.0,100.0,emulation
gold,100.0,100.0,emulation
gold,100.0,100.0,emulation
gold,100.0,100.0,emulation
gold,100.0,100.0,emulation
gold,100.0,100.0,emulation
gold,100.0,100.0,emulation
gold,100.0,100.0,emulation
gold,100.0,100.0,emulation
gold,100.0,100.0,emulation
gold,100.0,100.0,emulation
gold,100.0,100.0,emulation
gold,100.0,100.0,emulation
gold,100.0,100.0,emulation
gold,100.0,100.0,emulation
gold,100.0,100.0,emulation
gold,100.0,99.1150442477876,emulation
gold,100.0,100.0,emulation
gold,100.0,100.0,emulation
gold,100.0,100.0,emulation
gold,100.0,100.0,emulation
gold,100.0,100.0,emulation
gold,100.0,100.0,emulation
gold,100.0,100.0,emulation
gold,100.0,100.0,emulation
gold,100.0,100.0,emulation
gold,100.0,100.0,emulation
gold,100.0,99.10714285714286,emulation
gold,100.0,100.0,emulation
gold,100.0,100.0,emulation
gold,100.0,100.0,emulation
gold,100.0,100.0,emulation
gold,100.0,100.0,emulation
silver,90.0,100.0,emulation
silver,90.0,100.0,emulation
silver,90.0,100.0,emulation
silver,90.0,100.0,emulation
silver,90.0,100.0,emulation
silver,90.0,100.0,emulation
silver,90.0,100.0,emulation
silver,90.0,100.0,emulation
silver,90.0,100.0,emulation
silver,90.0,100.0,emulation
silver,90.0,100.0,emulation
silver,90.0,100.0,emulation
silver,90.0,100.0,emulation
silver,90.0,100.0,emulation
silver,90.0,100.0,emulation
silver,90.0,100.0,emulation
silver,90.0,100.0,emulation
silver,90.0,100.0,emulation
silver,90.0,100.0,emulation
silver,90.0,100.0,emulation
silver,90.0,100.0,emulation
silver,90.0,100.0,emulation
silver,90.0,100.0,emulation
silver,90.0,100.0,emulation
silver,90.0,100.0,emulation
silver,90.0,100.0,emulation
silver,90.0,100.0,emulation
silver,90.0,100.0,emulation
silver,90.0,100.0,emulation
silver,90.0,100.0,emulation
silver,90.0,100.0,emulation
silver,90.0,100.0,emulation
silver,90.0,100.0,emulation
silver,90.0,100.0,emulation
silver,90.0,100.0,emulation
silver,90.0,100.0,emulation
silver,90.0,100.0,emulation
silver,90.0,100.0,emulation
silver,90.0,100.0,emulation
silver,90.0,100.0,emulation
silver,90.0,100.0,emulation
silver,90.0,100.0,emulation
silver,90.0,100.0,emulation
silver,90.0,100.0,emulation
silver,90.0,100.0,emulation
silver,90.0,100.0,emulation
silver,90.0,100.0,emulation
silver,90.0,100.0,emulation
silver,90.0,100.0,emulation
silver,90.0,100.0,emulation
silver,90.0,100.0,emulation
silver,90.0,100.0,emulation
silver,90.0,100.0,emulation
silver,90.0,100.0,emulation
silver,90.0,100.0,emulation
silver,90.0,100.0,emulation
silver,90.0,100.0,emulation
silver,90.0,100.0,emulation
silver,90.0,100.0,emulation
silver,90.0,100.0,emulation
silver,90.0,100.0,emulation
silver,90.0,100.0,emulation
silver,90.0,100.0,emulation
silver,90.0,100.0,emulation
silver,90.0,100.0,emulation
silver,90.0,99.1150442477876,emulation
silver,90.0,100.0,emulation
silver,90.0,100.0,emulation
silver,90.0,100.0,emulation
silver,90.0,99.10714285714286,emulation
silver,90.0,99.10714285714286,emulation
silver,90.0,100.0,emulation
silver,90.0,100.0,emulation
silver,90.0,100.0,emulation
silver,90.0,100.0,emulation
silver,90.0,100.0,emulation
silver,90.0,100.0,emulation
silver,90.0,100.0,emulation
silver,90.0,100.0,emulation
silver,90.0,100.0,emulation
gold,100.0,99.97054491899851,simulation
gold,100.0,99.97159090909092,simulation
gold,100.0,99.97051886792453,simulation
gold,100.0,99.9706572769953,simulation
gold,100.0,99.97058823529412,simulation
silver,90.0,99.97205923442304,simulation
silver,90.0,99.97218358831712,simulation
silver,90.0,99.971363115693,simulation
silver,90.0,99.97085397843192,simulation
silver,90.0,99.9718151071026,simulation
gold,100.0,99.97103967564436,simulation
gold,100.0,99.97165532879818,simulation
gold,100.0,99.97122302158272,simulation
gold,100.0,99.97073456248172,simulation
gold,100.0,99.97211377579475,simulation
silver,90.0,99.97055359246173,simulation
silver,90.0,99.9702469503124,simulation
silver,90.0,99.97191011235957,simulation
silver,90.0,99.9719887955182,simulation
silver,90.0,99.9715018523796,simulation
gold,100.0,99.97068308413957,simulation
gold,100.0,99.9721215500418,simulation
gold,100.0,99.9704229517894,simulation
gold,100.0,99.97182304874612,simulation
gold,100.0,99.97158283603297,simulation
silver,90.0,99.97168742921856,simulation
silver,90.0,99.97206703910616,simulation
silver,90.0,99.97079439252336,simulation
silver,90.0,99.97014925373136,simulation
bronze,50.0,99.97132205334098,simulation
gold,100.0,99.97037037037036,simulation
gold,100.0,99.97029997029996,simulation
gold,100.0,99.97157475838544,simulation
gold,100.0,99.97219905476786,simulation
silver,90.0,99.97200447928331,simulation
silver,90.0,99.97104806022004,simulation
silver,90.0,99.97127262280954,simulation
bronze,50.0,99.9716472923164,simulation
bronze,50.0,99.9712395743457,simulation
bronze,50.0,99.97176736307172,simulation
gold,100.0,99.97093023255816,simulation
gold,100.0,99.97049277072882,simulation
gold,100.0,99.97170345217884,simulation
gold,100.0,99.97216810464792,simulation
gold,100.0,99.97146118721462,simulation
silver,90.0,99.9719730941704,simulation
silver,90.0,99.97064866451424,simulation
silver,90.0,99.97119815668204,simulation
bronze,50.0,99.97142857142856,simulation
bronze,50.0,99.971870604782,simulation
gold,100.0,99.97143673236218,simulation
gold,100.0,99.97179125528916,simulation
gold,100.0,99.97081995914796,simulation
silver,90.0,99.97166336072542,simulation
silver,90.0,99.97062279670976,simulation
silver,90.0,99.97102289191538,simulation
bronze,50.0,99.97123130034522,simulation
bronze,50.0,99.97220678154532,simulation
bronze,50.0,99.97193376368227,simulation
bronze,50.0,99.9714040606234,simulation
gold,100.0,99.97094712376524,simulation
gold,100.0,99.9718785151856,simulation
silver,90.0,99.97070884592851,simulation
silver,90.0,99.97195737521032,simulation
silver,90.0,99.9714530402512,simulation
bronze,50.0,99.97118985883031,simulation
bronze,50.0,99.97215260373156,simulation
bronze,50.0,99.97128911857595,simulation
bronze,50.0,99.97169544296632,simulation
bronze,50.0,99.97089639115252,simulation
gold,100.0,99.97133027522936,simulation
gold,100.0,99.97155858930604,simulation
gold,100.0,99.9721758486366,simulation
gold,100.0,99.97184684684684,simulation
gold,100.0,99.97162315550511,simulation
silver,90.0,99.9702823179792,simulation
silver,90.0,99.97035280166024,simulation
bronze,50.0,99.97202797202796,simulation
bronze,50.0,99.9710648148148,simulation
bronze,50.0,99.97116493656286,simulation
gold,100.0,99.97186268992684,simulation
gold,100.0,99.97213708553916,simulation
gold,100.0,99.97163120567376,simulation
silver,90.0,99.97082847141188,simulation
silver,90.0,99.97152619589976,simulation
silver,90.0,99.97139588100688,simulation
bronze,50.0,99.97103128621087,simulation
bronze,50.0,99.97074312463428,simulation
bronze,50.0,99.971980947044,simulation
bronze,50.0,99.97114829774956,simulation
gold,100.0,99.97030878859856,simulation
gold,100.0,99.9715343011671,simulation
gold,100.0,99.97069167643612,simulation
silver,90.0,99.97128087306146,simulation
silver,90.0,99.97057958223007,simulation
silver,90.0,99.97108155002891,simulation
silver,90.0,99.9707773232028,simulation
silver,90.0,99.97126436781608,simulation
silver,90.0,99.97190221972464,simulation
silver,90.0,99.97202014549524,simulation
gold,100.0,99.97061416397295,simulation
gold,100.0,99.97017596182523,simulation
gold,100.0,99.97118155619596,simulation
gold,100.0,99.97095556200988,simulation
silver,90.0,99.9718864211414,simulation
silver,90.0,99.9716151007664,simulation
silver,90.0,99.97084548104957,simulation
bronze,50.0,99.97204361196532,simulation
bronze,50.0,99.97147746719908,simulation
,,99.9722222222222,simulation
gold,100.0,99.97109826589596,simulation
gold,100.0,99.97092177958709,simulation
gold,100.0,99.97172745264348,simulation
silver,90.0,99.97156667614443,simulation
silver,90.0,99.97142040583024,simulation
silver,90.0,99.97113997113996,simulation
silver,90.0,99.97033521210324,simulation
bronze,50.0,99.97179921037788,simulation
bronze,50.0,99.97194163860831,simulation
bronze,50.0,99.9721293199554,simulation
gold,100.0,99.9714937286203,simulation
gold,100.0,99.97216035634744,simulation
gold,100.0,99.97070026369764,simulation
gold,100.0,99.97141223556318,simulation
gold,100.0,99.97196523689377,simulation
gold,100.0,99.97175939000284,simulation
silver,90.0,99.97175141242936,simulation
silver,90.0,99.97088791848616,simulation
bronze,50.0,99.97098926602844,simulation
bronze,50.0,99.9711066165848,simulation
gold,100.0,99.97064004697592,simulation
gold,100.0,99.9715989775632,simulation
gold,100.0,99.97036158861884,simulation
gold,100.0,99.97032640949556,simulation
gold,100.0,99.97044917257683,simulation
gold,100.0,99.97029114676174,simulation
gold,100.0,99.97097242380262,simulation
silver,90.0,99.97146932952924,simulation
silver,90.0,99.97131382673552,simulation
silver,90.0,99.9711566195558,simulation
gold,100.0,99.97151808601538,simulation
gold,100.0,99.97203579418344,simulation
gold,100.0,99.97129735935704,simulation
gold,100.0,99.97026464466248,simulation
gold,100.0,99.97112330349408,simulation
gold,100.0,99.97105643994212,simulation
gold,100.0,99.97014034040012,simulation
silver,90.0,99.97174343034756,simulation
silver,90.0,99.97060552616108,simulation
silver,90.0,99.97051017398996,simulation
gold,100.0,99.9722145040289,simulation
gold,100.0,99.97087944088528,simulation
gold,100.0,99.97178329571106,simulation
gold,100.0,99.97199663959675,simulation
silver,90.0,99.97107318484235,simulation
silver,90.0,99.97120644975526,simulation
silver,90.0,99.9713055954089,simulation
silver,90.0,99.97160704145372,simulation
silver,90.0,99.97021149836164,simulation
silver,90.0,99.97144488863506,simulation
gold,100.0,99.9709386806161,simulation
gold,100.0,99.97205142537732,simulation
gold,100.0,99.97209821428572,simulation
gold,100.0,99.97173544375352,simulation
silver,90.0,99.97134670487104,simulation
silver,90.0,99.97025580011898,simulation
silver,90.0,99.97056226081835,simulation
silver,90.0,99.97117324877486,simulation
bronze,50.0,99.97189432265316,simulation
bronze,50.0,99.97154240182128,simulation
gold,100.0,99.97038791827065,simulation
silver,90.0,99.9707516817783,simulation
silver,90.0,99.97010463378176,simulation
silver,90.0,99.97121473805412,simulation
silver,90.0,99.97177533163986,simulation
silver,90.0,99.97191800056164,simulation
bronze,50.0,99.97167138810198,simulation
bronze,50.0,99.97208263539922,simulation
bronze,50.0,99.97135491263248,simulation
bronze,50.0,99.97148560022812,simulation
gold,100.0,99.9707858603564,simulation
gold,100.0,99.9713384924047,simulation
gold,100.0,99.97185477061636,simulation
gold,100.0,99.97072599531616,simulation
silver,90.0,99.97053624042428,simulation
silver,90.0,99.97201231458158,simulation
silver,90.0,99.97155049786628,simulation
silver,90.0,99.97046662728884,simulation
bronze,50.0,99.97171145685996,simulation
bronze,50.0,99.972191323693,simulation
silver,90.0,99.97108991037872,simulation
silver,90.0,99.97163925127624,simulation
silver,90.0,99.97180716098111,simulation
silver,90.0,99.97111496244943,simulation
silver,90.0,99.97012249775918,simulation
silver,90.0,99.97027348394768,simulation
silver,90.0,99.97137950772752,simulation
silver,90.0,99.97150997150996,simulation
bronze,50.0,99.97209042701648,simulation
bronze,50.0,99.9719495091164,simulation
bronze,50.0,0.0,simulation
bronze,50.0,6.23955431754874,simulation
bronze,50.0,6.05299860529986,simulation
bronze,50.0,6.478637252164201,simulation
bronze,50.0,5.390230207748449,simulation
bronze,50.0,5.29428330047873,simulation
bronze,50.0,4.95774647887323,simulation
bronze,50.0,4.07239819004524,simulation
bronze,50.0,3.73831775700934,simulation
bronze,50.0,3.8340486409155896,simulation
bronze,50.0,4.00801603206412,simulation
bronze,50.0,3.70796205806266,simulation
bronze,50.0,2.64519838987924,simulation
bronze,50.0,1.9919168591224,simulation
bronze,50.0,1.44927536231884,simulation
bronze,50.0,1.59466512032473,simulation
bronze,50.0,1.71113689095127,simulation
bronze,50.0,2.93093441671503,simulation
bronze,50.0,1.82926829268292,simulation
bronze,50.0,2.06515415939499,simulation
bronze,50.0,2.0948501600232703,simulation
bronze,50.0,1.42732304107194,simulation
bronze,50.0,2.4766899766899697,simulation
bronze,50.0,1.51647710702828,simulation
bronze,50.0,1.02159953298307,simulation
bronze,50.0,0.84671532846715,simulation
bronze,50.0,1.72464191756796,simulation
bronze,50.0,1.37426900584795,simulation
bronze,50.0,1.28843338213762,simulation
bronze,50.0,1.55425219941348,simulation
bronze,50.0,1.32003520093869,simulation
bronze,50.0,0.8810572687224599,simulation
bronze,50.0,0.11761246692149,simulation
bronze,50.0,0.0,simulation
bronze,50.0,0.0,simulation
bronze,50.0,0.0,simulation
bronze,50.0,0.0,simulation
bronze,50.0,0.0,simulation
bronze,50.0,0.0,simulation
bronze,50.0,0.0,simulation
bronze,50.0,0.0,simulation
bronze,50.0,0.0,simulation
bronze,50.0,0.0,simulation
bronze,50.0,0.0,simulation
bronze,50.0,0.0,simulation
bronze,50.0,0.0,simulation
bronze,50.0,0.0,simulation
bronze,50.0,0.0,simulation
bronze,50.0,0.0,simulation
bronze,50.0,0.0,simulation
bronze,50.0,0.0,simulation
bronze,50.0,0.0,simulation
bronze,50.0,0.0,simulation
bronze,50.0,0.0,simulation
bronze,50.0,0.0,simulation
bronze,50.0,0.0,simulation
bronze,50.0,100.0,simulation
